Sample No,Start (Local time),Stop (Local time),Nitrate [µg/m³],Ammonium [µg/m³]
704,09/01/2012 12:04,11/01/2012 21:04,1.428,0.0231
706,12/01/2012 15:07,13/01/2012 12:00,1.7942,0.0112
707,13/01/2012 12:00,14/01/2012 12:00,1.7434,0.0102
708,14/01/2012 12:00,15/01/2012 12:00,2.0938,0.0102
709,15/01/2012 12:00,16/01/2012 12:00,3.5072,0.0663
710,16/01/2012 12:00,17/01/2012 12:00,3.0878,0.0489
711,17/01/2012 12:00,18/01/2012 12:00,2.5937,0.0707
712,18/01/2012 12:00,19/01/2012 12:00,1.0823,0.0003
713,19/01/2012 12:00,20/01/2012 12:00,1.3646,0.0717
714,20/01/2012 12:00,21/01/2012 12:00,0.7176,0.0312
715,21/01/2012 12:00,22/01/2012 12:00,0.743,0.0188
716,22/01/2012 12:00,23/01/2012 12:00,1.1052,0.1204
717,23/01/2012 12:00,24/01/2012 12:00,1.2893,0.1225
718,24/01/2012 12:00,25/01/2012 12:00,1.4711,0.0499
719,25/01/2012 12:00,26/01/2012 12:00,1.3852,0.1149
720,26/01/2012 12:00,27/01/2012 12:00,1.1553,0.0749
721,27/01/2012 12:00,28/01/2012 12:11,1.1922,0.0668
722,28/01/2012 12:11,29/01/2012 12:11,1.3606,0.2029
723,29/01/2012 12:11,30/01/2012 12:11,1.818,0.1455
725,30/01/2012 12:11,31/01/2012 11:59,1.4252,0.1985
724,31/01/2012 12:01,01/02/2012 12:01,1.3089,0.1733
726,01/02/2012 12:01,02/02/2012 12:01,1.5599,0.0918
727,02/02/2012 12:01,03/02/2012 12:01,2.2516,0.171
728,03/02/2012 12:01,04/02/2012 12:01,1.5288,0.0271
729,04/02/2012 12:01,05/02/2012 12:01,1.0373,0.1166
730,05/02/2012 12:01,06/02/2012 12:01,2.0872,0.1548
731,06/02/2012 12:01,07/02/2012 12:01,2.0687,0.1212
732,07/02/2012 12:01,08/02/2012 14:55,1.9763,0.1289
733,08/02/2012 14:55,09/02/2012 12:02,1.5455,0.0875
734,09/02/2012 12:03,10/02/2012 12:54,1.1762,0.1106
735,10/02/2012 12:54,11/02/2012 12:41,1.2952,0.1672
736,11/02/2012 12:42,12/02/2012 12:43,1.7743,0.0398
737,12/02/2012 12:43,13/02/2012 12:43,1.529,0.1216
738,13/02/2012 12:43,14/02/2012 12:43,1.275,0.1238
739,14/02/2012 12:43,15/02/2012 11:54,1.3743,0.2104
740,15/02/2012 12:00,16/02/2012 12:00,0.9909,0.2056
741,16/02/2012 12:00,17/02/2012 12:00,0.8191,0.2293
742,17/02/2012 12:00,20/02/2012 12:36,1.0324,0.2268
743,20/02/2012 12:36,23/02/2012 16:06,1.3145,0.2112
744,23/02/2012 16:06,26/02/2012 16:06,1.5654,0.2666
745,26/02/2012 16:06,29/02/2012 16:06,1.1726,0.0847
746,29/02/2012 16:06,03/03/2012 16:06,1.317,0.1598
747,03/03/2012 16:06,06/03/2012 16:06,1.6523,0.2481
748,06/03/2012 16:06,07/03/2012 13:07,3.0411,0.3912
749,07/03/2012 13:11,08/03/2012 13:10,2.5182,0.3906
750,08/03/2012 13:10,09/03/2012 13:10,2.1302,0.0285
751,09/03/2012 13:11,10/03/2012 13:10,2.2672,0.1639
752,10/03/2012 13:10,11/03/2012 13:10,3.5453,0.1227
753,11/03/2012 13:10,12/03/2012 13:10,3.2455,0.2505
754,12/03/2012 13:10,13/03/2012 13:10,3.3705,0.3367
755,13/03/2012 13:10,14/03/2012 13:10,2.8658,0.2893
756,14/03/2012 13:20,15/03/2012 13:20,2.8678,0.1155
757,15/03/2012 15:20,16/03/2012 15:20,2.8016,0.0591
758,16/03/2012 15:20,17/03/2012 15:20,2.3918,0.0699
759,17/03/2012 15:20,18/03/2012 15:20,2.6876,0.1046
760,18/03/2012 15:20,19/03/2012 15:20,2.3156,0.0488
761,19/03/2012 15:20,20/03/2012 15:20,2.4716,0.0675
762,20/03/2012 15:20,21/03/2012 15:20,1.6642,0.04
763,21/03/2012 15:20,22/03/2012 13:55,1.3248,0.0646
764,22/03/2012 13:56,25/03/2012 13:57,1.0419,0.2427
765,25/03/2012 13:57,28/03/2012 13:57,0.562,0.2134
766,28/03/2012 13:57,31/03/2012 13:57,0.743,0.2368
767,31/03/2012 13:57,03/04/2012 14:06,0.3508,0.0525
768,03/04/2012 14:06,06/04/2012 14:07,0.7438,0.0942
769,06/04/2012 14:08,09/04/2012 14:10,0.4818,0.1705
770,09/04/2012 14:10,12/04/2012 14:10,0.7818,0.251
771,12/04/2012 14:10,15/04/2012 00:00,,
772,17/04/2012 11:10,19/04/2012 11:33,0.6229,0.0268
773,19/04/2012 11:33,22/04/2012 11:33,0.3406,0.1803
774,22/04/2012 11:33,23/04/2012 12:13,1.4638,0.2079
775,23/04/2012 12:15,24/04/2012 12:15,1.1182,0.0641
776,24/04/2012 12:57,27/04/2012 12:57,0.8372,0.0193
777,27/04/2012 12:57,30/04/2012 12:57,0.679,0.0956
778,30/04/2012 12:57,03/05/2012 12:57,1.0559,0.0237
779,03/05/2012 12:57,06/05/2012 12:57,0.722,0.0287
780,06/05/2012 12:57,09/05/2012 12:57,1.0113,0.1249
781,09/05/2012 12:57,12/05/2012 12:57,0.8125,0.0381
782,12/05/2012 12:57,15/05/2012 12:57,1.0842,0.0187
783,15/05/2012 12:57,18/05/2012 12:57,0.9644,0.0206
784,18/05/2012 12:57,21/05/2012 12:57,0.7107,0.034
785,21/05/2012 12:57,24/05/2012 12:57,1.1288,0.1048
786,24/05/2012 12:57,27/05/2012 12:57,0.833,0.0986
787,27/05/2012 12:57,30/05/2012 12:57,1.0639,0.096
788,30/05/2012 12:57,02/06/2012 12:57,0.5707,0.0278
789,02/06/2012 12:57,05/06/2012 12:57,0.8591,0.0493
790,05/06/2012 12:57,08/06/2012 13:00,0.7826,0.0179
791,08/06/2012 13:00,11/06/2012 13:00,1.0089,0.049
792,11/06/2012 13:00,14/06/2012 13:00,0.8134,0.013
793,14/06/2012 13:00,17/06/2012 13:00,0.9423,0.0513
794,17/06/2012 13:00,20/06/2012 13:00,1.2092,0.0385
795,20/06/2012 13:00,23/06/2012 13:00,1.0172,0.2037
796,23/06/2012 13:00,26/06/2012 13:00,1.0225,0.0132
797,26/06/2012 13:00,28/06/2012 01:00,1.2852,0.3157
798,28/06/2012 12:01,29/06/2012 12:09,1.5648,0.2965
799,29/06/2012 12:09,30/06/2012 12:09,1.7359,0.0576
800,30/06/2012 12:09,01/07/2012 12:09,2.0502,0.1809
801,01/07/2012 12:09,02/07/2012 12:09,0.9965,0.0729
802,03/07/2012 10:00,06/07/2012 10:00,1.3165,0.0918
803,06/07/2012 10:00,09/07/2012 10:00,1.4477,0.2868
804,09/07/2012 10:00,12/07/2012 10:00,1.3902,0.1859
805,12/07/2012 10:00,13/07/2012 10:00,3.0247,0.0495
806,13/07/2012 10:00,14/07/2012 10:00,1.5757,0.008
807,14/07/2012 10:00,15/07/2012 10:00,0.7391,0.0702
808,15/07/2012 10:00,16/07/2012 10:00,0.8116,0.1912
809,16/07/2012 10:00,19/07/2012 10:00,1.3037,0.1824
810,19/07/2012 10:00,22/07/2012 10:00,2.2187,0.2047
811,22/07/2012 10:00,25/07/2012 10:00,1.9042,0.0836
812,25/07/2012 10:00,28/07/2012 10:00,1.2464,0.0399
813,28/07/2012 10:00,31/07/2012 10:00,1.0847,0.1395
814,31/07/2012 10:00,03/08/2012 10:00,1.3184,0.0931
815,03/08/2012 10:00,06/08/2012 10:00,0.9987,0.0617
816,06/08/2012 10:00,09/08/2012 10:00,1.5297,0.0121
817,09/08/2012 10:00,12/08/2012 10:00,0.9393,0.0191
818,12/08/2012 10:00,15/08/2012 10:00,1.2029,0.101
819,15/08/2012 10:00,18/08/2012 10:00,1.5259,0.0364
820,18/08/2012 10:00,21/08/2012 10:00,1.081,0.025
821,21/08/2012 10:00,24/08/2012 10:00,1.3466,0.0555
822,24/08/2012 10:00,25/08/2012 10:00,2.6791,0.0383
823,25/08/2012 10:00,26/08/2012 10:00,0.3279,0.016
824,26/08/2012 10:00,27/08/2012 10:00,0.6881,0.0265
825,27/08/2012 10:00,30/08/2012 10:00,0.8641,0.0322
826,30/08/2012 10:00,31/08/2012 10:00,1.0303,0.063
827,31/08/2012 11:57,01/09/2012 12:00,1.9135,0.0354
828,01/09/2012 12:00,02/09/2012 12:00,2.2413,0.0248
829,02/09/2012 12:00,04/09/2012 13:50,0.9114,0.0207
830,04/09/2012 14:00,05/09/2012 14:00,0.153,0.0097
831,05/09/2012 14:00,06/09/2012 12:00,0.0839,0.0083
832,07/09/2012 01:00,08/09/2012 01:36,0.4058,0.0122
833,08/09/2012 01:36,09/09/2012 01:36,1.5506,0.17
834,09/09/2012 01:36,10/09/2012 01:36,0.6992,0.0396
835,10/09/2012 01:36,11/09/2012 01:36,1.0181,0.0176
836,11/09/2012 01:36,12/09/2012 01:36,1.7297,0.1429
837,12/09/2012 01:36,13/09/2012 01:36,2.4376,0.0588
838,13/09/2012 01:36,16/09/2012 01:38,1.1239,0.0801
839,16/09/2012 01:38,19/09/2012 01:38,1.1317,0.0176
840,19/09/2012 01:38,22/09/2012 01:44,1.0401,0.0247
841,22/09/2012 01:45,25/09/2012 01:45,0.8999,0.0183
842,25/09/2012 01:45,28/09/2012 01:46,0.6558,0.0121
843,28/09/2012 01:46,01/10/2012 01:46,0.8013,0.0212
844,01/10/2012 01:46,02/10/2012 01:46,1.0874,0.0249
845,02/10/2012 01:46,05/10/2012 01:46,1.3202,0.0579
846,05/10/2012 01:46,08/10/2012 01:46,1.1302,0.0546
847,08/10/2012 01:46,11/10/2012 01:46,2.1022,0.0433
848,11/10/2012 01:46,14/10/2012 01:46,1.149,0.0295
849,14/10/2012 01:46,17/10/2012 01:46,0.719,0.0418
850,17/10/2012 01:46,20/10/2012 01:46,0.3731,0.011
851,20/10/2012 01:46,23/10/2012 01:46,0.414,0.0138
852,23/10/2012 01:46,26/10/2012 01:46,0.4486,0.0065
853,26/10/2012 01:46,29/10/2012 01:46,0.3341,0.0101
854,29/10/2012 01:46,01/11/2012 01:46,0.7173,0.046
855,01/11/2012 01:46,04/11/2012 01:46,0.2992,0.0274
856,04/11/2012 01:46,07/11/2012 01:46,0.8054,0.0206
857,07/11/2012 01:46,10/11/2012 01:46,0.3519,0.011
858,10/11/2012 01:46,13/11/2012 01:46,0.9071,0.0043
859,13/11/2012 01:46,16/11/2012 11:41,0.559,0.0089
860,16/11/2012 11:41,19/11/2012 11:41,0.4872,0.0119
903,19/11/2012 11:41,22/11/2012 11:41,0.6057,0.0056
904,22/11/2012 11:41,25/11/2012 11:46,0.5083,0.0606
905,25/11/2012 11:46,28/11/2012 11:46,0.2181,0.0169
906,28/11/2012 11:46,01/12/2012 11:46,0.4258,0.0153
907,01/12/2012 11:46,04/12/2012 13:13,0.6495,0.0554
908,04/12/2012 13:13,05/12/2012 15:10,0.6234,0.0543
909,05/12/2012 15:11,06/12/2012 15:16,0.9601,0.0801
910,06/12/2012 15:16,07/12/2012 15:15,0.9955,0.0585
911,07/12/2012 15:16,10/12/2012 15:15,1.1357,0.0259
912,10/12/2012 15:16,13/12/2012 15:15,0.426,0.0471
913,13/12/2012 15:16,17/12/2012 10:54,0.7108,0.0216
914,17/12/2012 11:00,18/12/2012 11:00,1.2973,0.0613
915,18/12/2012 11:01,19/12/2012 11:00,1.317,0.1301
916,19/12/2012 11:01,22/12/2012 11:00,1.2654,0.0258
917,22/12/2012 11:00,25/12/2012 11:00,0.9801,0.0101
918,25/12/2012 11:00,28/12/2012 11:00,0.9982,0.0042
919,28/12/2012 11:00,31/12/2012 10:59,0.2475,0.0223
920,31/12/2012 11:00,03/01/2013 11:02,1.1906,0.0667
921,04/01/2013 15:15,07/01/2013 15:17,1.1455,0.0364
922,07/01/2013 15:17,08/01/2013 15:17,1.5479,0.1014
923,08/01/2013 15:17,09/01/2013 15:17,1.2289,0.1487
924,09/01/2013 15:17,10/01/2013 15:17,1.1233,0.0963
925,10/01/2013 15:17,11/01/2013 15:17,0.9749,0.0908
926,11/01/2013 19:40,14/01/2013 19:39,1.1804,0.0351
927,14/01/2013 19:40,17/01/2013 14:59,1.3196,0.0189
928,17/01/2013 14:59,18/01/2013 13:36,1.2761,0.1326
929,18/01/2013 13:40,19/01/2013 13:37,1.1973,0.0333
930,19/01/2013 13:38,20/01/2013 10:48,0.802,0.2315
931,20/01/2013 11:00,21/01/2013 11:00,0.8481,0.2033
932,21/01/2013 11:00,22/01/2013 11:00,1.0228,0.15
933,22/01/2013 11:00,23/01/2013 11:00,0.6713,0.1065
934,23/01/2013 11:00,24/01/2013 11:00,0.7665,0.1609
935,24/01/2013 11:00,25/01/2013 11:00,0.8543,0.1056
936,25/01/2013 11:00,26/01/2013 11:00,1.2432,0.0477
937,26/01/2013 11:00,27/01/2013 11:00,0.9137,0.0501
938,27/01/2013 11:00,28/01/2013 11:00,0.7581,0.0579
939,28/01/2013 11:00,29/01/2013 11:00,0.9633,0.1601
940,29/01/2013 11:00,30/01/2013 11:00,1.4013,0.0734
941,30/01/2013 11:00,31/01/2013 11:00,1.2375,0.0924
942,31/01/2013 11:00,01/02/2013 11:00,2.1143,0.1274
943,01/02/2013 11:00,02/02/2013 11:00,2.3193,0.1333
944,02/02/2013 11:00,03/02/2013 11:00,2.0142,0.1662
945,03/02/2013 11:00,04/02/2013 11:00,1.873,0.0994
946,04/02/2013 11:00,05/02/2013 11:00,1.6792,0.0613
947,05/02/2013 11:00,06/02/2013 11:00,2.1385,0.0757
948,06/02/2013 11:00,07/02/2013 11:00,2.2726,0.1742
949,07/02/2013 11:00,08/02/2013 11:00,1.9885,0.1066
950,08/02/2013 11:00,09/02/2013 11:00,1.518,0.1858
951,09/02/2013 11:00,10/02/2013 11:00,0.797,0.1714
952,10/02/2013 11:00,11/02/2013 11:00,1.1414,0.2478
953,11/02/2013 11:00,12/02/2013 11:00,1.61,0.4008
954,12/02/2013 11:00,13/02/2013 11:00,2.4001,0.0887
955,13/02/2013 11:00,14/02/2013 11:00,1.8841,0.0646
956,14/02/2013 11:00,15/02/2013 11:00,0.9523,0.0647
957,15/02/2013 11:00,16/02/2013 11:00,0.5375,0.1307
958,16/02/2013 11:00,17/02/2013 11:00,0.5432,0.2122
959,17/02/2013 11:00,18/02/2013 11:00,1.0964,0.3195
960,18/02/2013 11:00,21/02/2013 11:00,0.9887,0.2128
961,21/02/2013 11:00,24/02/2013 11:00,1.0424,0.2458
962,24/02/2013 11:00,27/02/2013 11:00,1.0368,0.0314
963,27/02/2013 11:00,02/03/2013 11:00,0.4169,0.0977
964,02/03/2013 11:00,05/03/2013 11:00,0.4982,0.2097
965,05/03/2013 11:00,08/03/2013 11:00,0.6577,0.0315
966,08/03/2013 11:00,11/03/2013 11:00,0.3919,0.0271
967,11/03/2013 11:00,14/03/2013 11:00,1.6922,0.0521
968,14/03/2013 11:00,17/03/2013 11:00,0.8892,0.0315
969,17/03/2013 11:00,20/03/2013 11:00,0.3811,0.0473
970,20/03/2013 11:00,23/03/2013 11:00,0.4147,0.0515
971,23/03/2013 11:00,26/03/2013 11:00,0.8156,0.0425
972,26/03/2013 11:00,29/03/2013 11:00,0.74,0.1761
973,29/03/2013 11:00,01/04/2013 11:00,1.0638,0.0664
974,01/04/2013 11:00,04/04/2013 11:00,0.6374,0.1325
975,04/04/2013 11:00,07/04/2013 11:00,0.536,0.0946
976,07/04/2013 11:00,10/04/2013 11:00,0.8221,0.171
977,10/04/2013 11:00,13/04/2013 11:00,1.1204,0.0543
978,13/04/2013 11:00,16/04/2013 11:00,1.2447,0.0637
979,16/04/2013 11:00,19/04/2013 15:12,1.1672,0.1295
980,20/04/2013 09:00,23/04/2013 09:00,1.0504,0.22
981,23/04/2013 09:00,26/04/2013 09:00,1.4615,0.0828
982,26/04/2013 09:00,29/04/2013 09:00,1.5381,0.0942
983,29/04/2013 09:00,02/05/2013 09:00,0.9576,0.0397
984,02/05/2013 09:00,05/05/2013 09:00,0.948,0.0596
985,05/05/2013 09:00,08/05/2013 09:00,1.8409,0.256
986,08/05/2013 09:00,11/05/2013 09:00,1.1991,0.1491
987,11/05/2013 09:00,14/05/2013 09:00,0.7983,0.0745
988,14/05/2013 09:00,17/05/2013 09:00,0.5921,0.0425
989,17/05/2013 09:00,20/05/2013 09:00,0.6043,0.0385
990,20/05/2013 09:00,23/05/2013 09:00,1.1196,0.0592
991,23/05/2013 09:00,26/05/2013 09:00,1.1837,0.1173
992,26/05/2013 09:00,29/05/2013 09:00,0.7266,0.0549
993,29/05/2013 09:00,01/06/2013 09:00,0.7817,0.0617
994,01/06/2013 09:00,04/06/2013 09:00,0.892,0.0523
995,04/06/2013 09:00,07/06/2013 09:00,0.8636,0.0423
996,07/06/2013 09:00,10/06/2013 09:00,1.0477,0.0617
997,10/06/2013 09:00,12/06/2013 10:00,0.9687,0.0633
998,12/06/2013 11:02,13/06/2013 11:02,0.9226,0.1335
999,13/06/2013 11:02,14/06/2013 11:02,,
1000,14/06/2013 11:02,15/06/2013 11:02,0.7784,0.0655
1001,15/06/2013 11:02,16/06/2013 11:02,1.0094,0.0726
1002,16/06/2013 11:02,17/06/2013 11:02,0.5678,0.0232
1003,17/06/2013 11:02,18/06/2013 11:09,0.653,0.0593
1004,18/06/2013 10:30,19/06/2013 10:30,0.8476,0.0398
1005,19/06/2013 10:26,20/06/2013 10:26,0.9835,0.0354
1006,20/06/2013 10:26,21/06/2013 10:26,0.8818,0.1547
1007,21/06/2013 10:26,22/06/2013 10:26,0.9389,0.091
1008,22/06/2013 10:26,23/06/2013 10:32,1.0351,0.1394
1009,23/06/2013 10:32,24/06/2013 10:32,0.8194,0.1293
1010,24/06/2013 10:32,25/06/2013 10:32,0.7509,0.1862
1011,25/06/2013 10:32,26/06/2013 10:32,1.1863,0.1228
1012,26/06/2013 10:32,27/06/2013 10:32,1.2684,0.3307
1013,27/06/2013 10:32,28/06/2013 10:32,1.1411,0.188
1014,28/06/2013 10:32,29/06/2013 10:32,1.2669,0.208
1015,29/06/2013 10:32,30/06/2013 10:32,1.4034,0.1428
1016,30/06/2013 10:32,01/07/2013 10:32,2.2937,0.2775
1017,01/07/2013 10:32,02/07/2013 10:32,2.8683,0.2915
1018,02/07/2013 10:32,03/07/2013 10:32,2.2828,0.23
1019,03/07/2013 10:32,04/07/2013 10:32,2.1239,0.163
1020,04/07/2013 10:32,05/07/2013 10:32,2.1187,0.1173
1021,05/07/2013 10:32,06/07/2013 10:32,1.0862,0.0726
1022,06/07/2013 10:32,07/07/2013 10:32,0.5141,0.0502
1023,07/07/2013 10:32,08/07/2013 10:32,0.6744,0.0722
1024,08/07/2013 10:32,09/07/2013 10:32,0.9246,0.2124
1025,09/07/2013 10:32,12/07/2013 10:32,0.9419,0.1132
1026,12/07/2013 10:32,15/07/2013 10:32,2.3039,0.265
1027,15/07/2013 10:32,16/07/2013 10:32,1.4819,0.1381
1028,16/07/2013 10:32,17/07/2013 10:32,1.3552,0.2417
1029,17/07/2013 10:32,18/07/2013 10:32,2.8493,0.67
1030,18/07/2013 10:32,19/07/2013 10:32,2.2387,0.2282
1031,19/07/2013 10:32,20/07/2013 10:32,1.2086,0.171
1032,20/07/2013 10:32,21/07/2013 10:32,1.2775,0.123
1033,21/07/2013 10:32,22/07/2013 10:32,1.1685,0.036
1034,22/07/2013 10:32,25/07/2013 10:32,1.3327,0.1002
1035,25/07/2013 10:32,28/07/2013 10:32,0.8194,0.0386
1036,28/07/2013 10:32,31/07/2013 10:32,1.3204,0.0457
1037,31/07/2013 10:32,03/08/2013 10:32,0.8419,0.0467
1038,03/08/2013 10:32,06/08/2013 10:32,1.76,0.0559
1039,06/08/2013 10:32,09/08/2013 10:32,1.6374,0.0918
1040,09/08/2013 10:32,12/08/2013 10:32,1.6251,0.0442
1041,12/08/2013 10:32,15/08/2013 10:32,1.527,0.0056
1042,15/08/2013 10:32,18/08/2013 10:32,0.4211,0.0538
1043,18/08/2013 10:32,21/08/2013 10:32,1.4261,
1044,21/08/2013 10:32,24/08/2013 10:32,1.0752,0.0236
1045,24/08/2013 10:32,27/08/2013 10:32,2.6858,0.0496
1046,27/08/2013 10:32,30/08/2013 10:32,1.5941,0.0532
1047,30/08/2013 10:32,02/09/2013 10:32,0.9273,0.1168
1048,02/09/2013 10:32,05/09/2013 10:32,1.9326,0.1461
1049,05/09/2013 10:32,08/09/2013 10:32,0.6555,0.0609
1050,08/09/2013 10:32,11/09/2013 10:32,0.7558,0.0547
1051,11/09/2013 10:32,14/09/2013 10:32,0.4132,0.0311
1052,14/09/2013 10:32,17/09/2013 10:32,1.1481,0.0386
1053,17/09/2013 10:32,20/09/2013 10:32,1.1278,0.0333
1054,20/09/2013 10:32,23/09/2013 10:32,0.9148,0.0422
1055,23/09/2013 10:32,26/09/2013 10:32,0.9698,0.0425
1056,26/09/2013 10:32,29/09/2013 10:32,0.3053,0.0265
1057,29/09/2013 10:32,02/10/2013 10:32,0.8775,0.0593
1058,02/10/2013 10:32,05/10/2013 10:32,0.619,0.0261
1059,05/10/2013 10:32,08/10/2013 10:32,1.119,0.0731
1060,08/10/2013 10:32,11/10/2013 10:32,0.9337,0.0415
1061,11/10/2013 10:32,14/10/2013 10:32,1.8814,0.0876
1062,14/10/2013 10:32,17/10/2013 10:32,1.335,0.0879
1063,17/10/2013 10:32,20/10/2013 10:32,2.5344,0.0791
1064,20/10/2013 10:32,23/10/2013 10:32,1.3721,0.049
1065,23/10/2013 10:32,26/10/2013 10:32,1.2873,0.0372
1066,26/10/2013 10:32,29/10/2013 10:32,0.7543,0.0475
1067,29/10/2013 10:32,01/11/2013 10:32,1.3677,0.0666
1068,01/11/2013 10:32,04/11/2013 10:32,1.4359,0.2947
1069,04/11/2013 10:32,07/11/2013 10:32,1.8074,0.0514
1070,07/11/2013 10:32,10/11/2013 10:32,1.5961,0.0697
1071,10/11/2013 11:32,11/11/2013 12:48,1.697,0.1241
1072,11/11/2013 12:48,12/11/2013 12:48,2.0632,0.1183
1073,12/11/2013 12:48,13/11/2013 12:48,2.0411,0.2855
1074,13/11/2013 12:48,14/11/2013 12:48,1.3635,0.3168
1075,14/11/2013 12:48,15/11/2013 12:38,1.3651,0.0871
1076,15/11/2013 12:38,17/11/2013 12:38,2.0248,0.2174
1077,17/11/2013 12:38,19/11/2013 12:42,1.0921,0.2326
1078,19/11/2013 12:38,21/11/2013 12:42,0.9173,0.1647
1079,21/11/2013 12:38,23/11/2013 12:42,0.8679,0.1309
1080,23/11/2013 12:38,25/11/2013 12:36,0.6866,0.1543
1081,25/11/2013 12:45,28/11/2013 12:43,0.3472,0.0783
1082,28/11/2013 12:43,01/12/2013 12:43,0.766,0.0392
1083,01/12/2013 12:43,04/12/2013 12:43,0.8323,0.0583
1084,04/12/2013 12:43,07/12/2013 12:43,,
1085,07/12/2013 12:43,10/12/2013 12:43,1.4039,0.0416
1086,10/12/2013 12:43,13/12/2013 12:43,0.8299,0.0574
1087,13/12/2013 12:43,16/12/2013 11:45,1.3468,0.1309
1088,16/12/2013 11:59,17/12/2013 12:25,1.1668,0.1915
1089,17/12/2013 14:20,18/12/2013 14:31,1.6839,0.1713
1090,18/12/2013 14:31,19/12/2013 14:31,1.2535,0.101
1091,19/12/2013 14:31,20/12/2013 14:31,1.6544,0.2201
1092,20/12/2013 14:31,21/12/2013 14:31,1.6919,0.087
1093,21/12/2013 14:31,22/12/2013 14:31,1.2181,
1094,22/12/2013 14:31,23/12/2013 14:31,1.4997,0.045
1095,23/12/2013 14:31,24/12/2013 14:31,0.9599,0.109
1096,24/12/2013 14:31,25/12/2013 14:31,1.1747,0.056
1097,25/12/2013 14:31,26/12/2013 14:31,1.3066,0.107
1098,26/12/2013 14:31,27/12/2013 14:31,1.591,0.037
1099,27/12/2013 14:31,30/12/2013 14:31,0.8314,0.035
1100,30/12/2013 14:31,31/12/2013 12:11,0.5464,0.077
1101,01/01/2014 08:00,04/01/2014 08:00,1.9014,0.0077
1102,04/01/2014 08:00,07/01/2014 08:00,1.5011,0.0142
1103,07/01/2014 08:00,10/01/2014 08:00,1.539,0.0491
1104,10/01/2014 08:00,13/01/2014 08:00,0.3364,0.0371
1105,13/01/2014 08:00,16/01/2014 08:00,1.8218,0.0244
1106,16/01/2014 08:00,19/01/2014 08:00,0.321,0.0247
1107,19/01/2014 08:00,22/01/2014 08:00,0.321,0.0387
1108,22/01/2014 08:00,25/01/2014 08:00,0.6381,0.0861
1109,25/01/2014 08:00,27/01/2014 15:50,1.2306,0.0089
1110,27/01/2014 15:50,28/01/2014 15:50,1.424,0.0213
1111,28/01/2014 15:50,29/01/2014 15:50,1.3767,0.029
1112,29/01/2014 15:50,30/01/2014 15:50,0.9919,0.0409
1113,30/01/2014 15:50,02/02/2014 15:50,0.6764,0.0094
1114,02/02/2014 15:50,05/02/2014 15:50,0.7092,0.0112
1115,05/02/2014 15:50,08/02/2014 15:50,0.9698,0.0365
1116,08/02/2014 15:50,11/02/2014 15:50,0.9117,0.005
1117,11/02/2014 15:50,12/02/2014 18:28,1.1471,
1118,12/02/2014 18:28,13/02/2014 18:28,1.4548,
1119,13/02/2014 18:28,14/02/2014 18:28,1.3432,0.0254
1120,14/02/2014 18:28,15/02/2014 18:28,0.6687,0.0418
1121,15/02/2014 18:28,16/02/2014 18:28,0.1653,0.0226
1122,16/02/2014 18:28,19/02/2014 18:28,0.3625,0.0161
1123,19/02/2014 18:28,20/02/2014 18:28,0.7789,0.0349
1124,20/02/2014 18:28,23/02/2014 18:28,2.5357,0.0099
1125,23/02/2014 18:28,26/02/2014 18:28,1.16,
1126,26/02/2014 18:28,27/02/2014 18:28,1.362,
1127,27/02/2014 18:28,28/02/2014 18:28,2.1897,0.0331
1128,28/02/2014 18:28,01/03/2014 18:28,1.87,0.0385
1129,01/03/2014 18:28,02/03/2014 18:28,1.9318,0.0332
1130,02/03/2014 18:28,03/03/2014 18:28,1.6153,
1131,03/03/2014 18:28,04/03/2014 18:28,1.1192,0.1128
1132,04/03/2014 18:28,07/03/2014 18:28,0.742,0.0432
1133,07/03/2014 18:28,10/03/2014 18:28,0.2521,0.01
1134,10/03/2014 18:28,13/03/2014 18:28,0.3416,0.0101
1135,13/03/2014 18:28,16/03/2014 18:28,1.8687,0.2172
1136,16/03/2014 18:28,19/03/2014 18:28,1.5608,0.1622
1137,19/03/2014 18:28,22/03/2014 18:28,1.9911,0.0543
1138,22/03/2014 18:28,25/03/2014 18:28,0.8646,0.0121
1139,25/03/2014 18:28,28/03/2014 18:28,1.5453,0.0143
1140,28/03/2014 18:28,31/03/2014 18:28,0.5284,0.0437
1141,31/03/2014 18:28,03/04/2014 18:28,0.5516,0.0806
1142,03/04/2014 18:28,06/04/2014 18:28,0.8249,0.0237
1143,06/04/2014 18:28,09/04/2014 18:28,0.6412,0.0203
1144,09/04/2014 18:28,12/04/2014 18:28,0.5885,0.174
1145,12/04/2014 18:28,15/04/2014 18:28,0.4676,0.193
1146,15/04/2014 18:28,18/04/2014 18:28,0.4268,0.0637
1147,18/04/2014 18:28,21/04/2014 18:28,0.8324,0.0812
1148,21/04/2014 18:28,24/04/2014 18:28,0.737,0.0793
1149,24/04/2014 18:28,27/04/2014 18:28,0.7705,0.0714
1150,27/04/2014 18:28,30/04/2014 18:28,1.4837,0.0726
1151,30/04/2014 18:28,03/05/2014 18:28,1.0084,0.0878
1152,03/05/2014 18:28,06/05/2014 18:28,0.7609,0.0958
1153,06/05/2014 18:28,09/05/2014 18:28,1.1532,0.149
1154,09/05/2014 18:28,12/05/2014 18:28,0.8901,
1155,12/05/2014 18:28,15/05/2014 18:28,0.8846,0.0493
1156,15/05/2014 18:28,18/05/2014 18:28,0.8253,0.0517
1157,18/05/2014 18:28,21/05/2014 18:28,1.389,0.0743
1158,21/05/2014 18:28,24/05/2014 18:28,0.7119,
1159,24/05/2014 18:28,27/05/2014 18:28,0.6241,0.0478
1160,27/05/2014 18:28,30/05/2014 18:28,0.6734,
1161,30/05/2014 18:28,02/06/2014 18:28,0.7626,
1162,02/06/2014 18:28,05/06/2014 18:28,1.8124,0.0726
1163,05/06/2014 18:28,08/06/2014 18:28,0.5579,0.0531
1164,08/06/2014 18:28,11/06/2014 18:28,0.8794,0.0563
1165,11/06/2014 18:28,14/06/2014 18:28,0.6761,
1166,14/06/2014 18:28,17/06/2014 18:28,0.7787,0.0365
1167,17/06/2014 18:28,20/06/2014 18:28,0.7589,
1168,20/06/2014 18:28,23/06/2014 18:28,0.5324,
1169,23/06/2014 18:28,26/06/2014 18:28,0.7789,0.0509
1170,26/06/2014 18:28,29/06/2014 18:28,0.8343,
1171,29/06/2014 18:28,02/07/2014 18:28,1.1179,
1172,02/07/2014 18:28,05/07/2014 18:28,0.8843,
1173,05/07/2014 18:28,08/07/2014 18:28,1.6035,
1174,08/07/2014 18:28,11/07/2014 18:28,0.5658,0.0123
1175,11/07/2014 18:28,14/07/2014 18:28,0.7917,
1176,14/07/2014 18:28,17/07/2014 18:28,0.9657,0.0032
1177,17/07/2014 18:28,20/07/2014 18:28,1.0016,0.0733
1178,20/07/2014 18:28,23/07/2014 18:28,0.8017,0.1092
1179,23/07/2014 18:28,26/07/2014 18:28,0.6684,
1180,26/07/2014 18:28,29/07/2014 18:28,0.7724,0.1039
1181,29/07/2014 18:28,01/08/2014 18:28,0.9763,0.1272
1182,01/08/2014 18:28,04/08/2014 18:28,0.846,0.0968
1183,04/08/2014 18:28,07/08/2014 18:28,0.7244,0.1097
1184,07/08/2014 18:28,10/08/2014 18:28,1.0842,
1185,10/08/2014 18:28,13/08/2014 18:28,1.4441,0.0948
1186,13/08/2014 18:28,16/08/2014 18:28,0.8574,
1187,16/08/2014 18:28,19/08/2014 18:28,1.1541,0.095
1188,19/08/2014 18:28,22/08/2014 18:28,1.033,0.0957
1189,22/08/2014 18:28,25/08/2014 18:28,1.4976,0.1487
1190,25/08/2014 18:28,28/08/2014 18:28,0.8365,0.1059
1191,28/08/2014 18:28,31/08/2014 18:28,1.4097,0.0924
1192,31/08/2014 18:28,03/09/2014 18:28,1.105,
1193,03/09/2014 18:28,06/09/2014 18:28,0.8195,0.0987
1194,06/09/2014 18:28,09/09/2014 18:28,0.7916,0.1285
1195,09/09/2014 18:28,12/09/2014 18:28,0.5193,
1196,12/09/2014 18:28,15/09/2014 18:28,0.5471,
1197,19/09/2014 14:55,22/09/2014 14:55,0.554,0.0762
1198,22/09/2014 14:55,25/09/2014 14:55,0.5802,
1199,25/09/2014 14:55,28/09/2014 14:55,1.0698,
1200,28/09/2014 14:55,01/10/2014 14:55,0.7878,
1201,01/10/2014 14:55,04/10/2014 14:55,0.7962,0.0227
1202,04/10/2014 14:55,07/10/2014 14:55,1.9016,0.0385
1203,07/10/2014 17:19,10/10/2014 17:19,0.7556,0
1204,10/10/2014 17:20,13/10/2014 17:19,0.5666,0
1205,14/10/2014 12:58,17/10/2014 12:57,0.6188,0
1206,17/10/2014 12:58,20/10/2014 12:57,0.3896,0.0001
1207,20/10/2014 12:58,23/10/2014 12:57,0.503,0.0099
1208,23/10/2014 12:58,26/10/2014 12:57,1.5981,0
1209,30/10/2014 14:25,02/11/2014 14:25,0.3152,
1210,02/11/2014 14:25,05/11/2014 14:25,0.9879,
1211,06/11/2014 17:51,09/11/2014 17:51,0.7803,0
1212,09/11/2014 17:51,12/11/2014 17:51,0.705,
1213,12/11/2014 17:51,15/11/2014 17:51,0.849,
1214,15/11/2014 17:51,18/11/2014 17:51,0.8259,
1215,01/12/2014 10:34,04/12/2014 10:34,0.3776,0.0065
1216,04/12/2014 10:34,07/12/2014 10:34,0.5725,
1217,07/12/2014 10:34,10/12/2014 10:34,1.5018,0.1139
1218,10/12/2014 15:46,11/12/2014 15:46,2.3748,0.0549
1219,11/12/2014 15:46,12/12/2014 15:46,2.1213,
1220,12/12/2014 16:35,13/12/2014 16:35,1.7212,0.0569
1221,13/12/2014 16:35,14/12/2014 16:35,1.9831,0.0663
1222,14/12/2014 16:35,15/12/2014 16:35,1.4601,0.0808
1223,15/12/2014 16:35,18/12/2014 16:35,0.6657,0.0149
1224,18/12/2014 16:35,21/12/2014 16:35,0.8477,0.0121
1225,21/12/2014 16:35,24/12/2014 16:35,1.1394,0.0001
1226,24/12/2014 16:35,27/12/2014 16:35,1.3982,0.0166
1227,27/12/2014 16:35,30/12/2014 16:35,0.9767,0.0001
1228,30/12/2014 16:35,02/01/2015 16:35,0.9974,0.0828
1229,02/01/2015 16:35,05/01/2015 16:35,1.773548603,0.015780056
1230,05/01/2015 16:35,08/01/2015 16:35,1.239883852,0.01692108
1231,08/01/2015 16:35,11/01/2015 16:35,0.839812773,0.06705818
1232,11/01/2015 16:35,14/01/2015 16:35,1.028584701,0.023603221
1233,15/01/2015 18:25,16/01/2015 18:24,1.394540933,0.134752661
1234,16/01/2015 18:25,17/01/2015 18:24,1.895217101,0.217554265
1235,17/01/2015 18:25,18/01/2015 18:24,0.897538769,0.142473886
1236,18/01/2015 18:25,19/01/2015 18:24,0.688181276,0.043671066
1237,19/01/2015 10:18,21/01/2015 10:19,0.594982086,0.040626777
1238,21/01/2015 10:29,22/01/2015 10:28,0.816514418,0
1239,22/01/2015 10:28,23/01/2015 10:28,0.845130728,0
1240,23/01/2015 10:28,24/01/2015 10:28,0.849569891,0
1241,24/01/2015 10:28,25/01/2015 10:28,0.922952552,0
1242,25/01/2015 10:28,26/01/2015 10:28,1.202767316,0.034641487
1243,26/01/2015 10:28,27/01/2015 10:28,1.237177379,0
1244,27/01/2015 10:28,28/01/2015 10:28,1.600217163,0.048147217
1245,28/01/2015 10:28,29/01/2015 10:28,1.66044459,0.033182793
1246,29/01/2015 10:28,30/01/2015 10:28,1.268536102,0.047087573
1247,30/01/2015 10:28,31/01/2015 10:28,1.205812325,0.075347728
1248,31/01/2015 10:28,01/02/2015 10:28,0.884379324,0.047439999
1249,01/02/2015 10:28,02/02/2015 10:28,0.761395236,0.021687078
1250,02/02/2015 10:28,05/02/2015 02:20,0.402823057,0.05893605
1251,05/02/2015 02:20,08/02/2015 02:20,0.822084675,0.151182924
1252,08/02/2015 02:20,12/02/2015 10:03,0.288801283,0.046979482
1253,12/02/2015 10:03,15/02/2015 10:03,0.707137862,0.022407379
1254,15/02/2015 10:03,18/02/2015 10:03,1.390542395,0.027172258
1255,18/02/2015 10:03,21/02/2015 10:03,0.753955021,0.009990529
1256,21/02/2015 10:03,24/02/2015 10:03,1.059911727,0.016185228
1257,24/02/2015 10:03,27/02/2015 10:03,1.238758734,0.024448166
1258,27/02/2015 10:43,03/03/2015 11:04,3.996195152,0.221464214
1259,04/03/2015 12:26,05/03/2015 12:26,1.93146935,0.047483319
1260,05/03/2015 12:28,06/03/2015 12:28,1.512409721,0.044855589
1261,06/03/2015 12:28,08/03/2015 13:16,1.096495022,0.029583929
1262,08/03/2015 13:16,09/03/2015 10:35,0.568532866,0.121144441
1263,09/03/2015 10:38,12/03/2015 10:53,2.191079818,0.051857901
1264,12/03/2015 10:54,13/03/2015 10:53,2.684857067,0.132558354
1265,13/03/2015 10:45,17/03/2015 10:50,1.41566924,0.055556372
1266,17/03/2015 10:59,24/03/2015 13:14,0.434275651,0.014544635
1267,24/03/2015 13:14,29/03/2015 22:15,0.48993068,0.016159119
1268,29/03/2015 22:16,02/04/2015 18:51,2.247021847,0.040173504
1269,02/04/2015 18:52,09/04/2015 14:50,1.204426949,0.011759823
1270,09/04/2015 15:07,11/04/2015 20:55,1.829338858,0.053515762
1271,11/04/2015 20:55,12/04/2015 22:37,2.956156567,0.120381138
1272,12/04/2015 22:37,16/04/2015 07:13,0.45378135,0.017129946
1273,16/04/2015 07:13,17/04/2015 13:13,0.689310159,0.038547482
1274,17/04/2015 13:18,22/04/2015 16:17,1.248690722,0.101429444
1275,22/04/2015 16:17,25/04/2015 16:16,0.89083747,0.024842497
1276,25/04/2015 16:17,28/04/2015 16:16,0.555814743,0.022854702
1277,28/04/2015 16:17,01/05/2015 16:16,1.026203782,0.038117235
1278,01/05/2015 16:17,04/05/2015 16:16,1.52419798,0.056358114
1279,04/05/2015 16:17,07/05/2015 16:16,0.700935923,0.038921614
1280,07/05/2015 16:17,10/05/2015 16:16,0.900230381,0.050282625
1281,10/05/2015 16:17,13/05/2015 16:16,0.757943733,0.032301606
1282,13/05/2015 16:17,16/05/2015 16:16,1.941376878,0.023523893
1283,16/05/2015 16:17,19/05/2015 16:16,2.460752807,0.085930132
1284,19/05/2015 16:17,22/05/2015 16:16,3.061792475,0.13532539
1285,29/05/2015 16:28,01/06/2015 20:02,1.252358715,0.096399645
1286,01/06/2015 23:37,05/06/2015 07:39,0.907793693,0.053232864
1287,05/06/2015 07:39,08/06/2015 07:38,0.877839032,0.008118193
1288,08/06/2015 07:39,11/06/2015 07:38,1.33482105,0.011064193
1289,11/06/2015 07:38,14/06/2015 07:38,0.675024895,0.037901225
1290,17/06/2015 09:19,19/06/2015 23:21,0.926058442,0.043903397
1291,19/06/2015 23:21,22/06/2015 23:21,1.397608845,0.108489005
1292,22/06/2015 23:21,25/06/2015 23:21,0.890797528,0.046888709
1293,25/06/2015 23:21,28/06/2015 23:21,0.638332641,0.02090081
1294,28/06/2015 23:21,01/07/2015 23:21,1.258003008,0.062243676
1295,01/07/2015 23:21,04/07/2015 23:21,1.022617666,0.032805218
1296,04/07/2015 23:22,07/07/2015 23:22,0.897969578,0.041204235
1297,07/07/2015 23:22,10/07/2015 23:22,2.033315934,0.018014701
1298,10/07/2015 23:22,13/07/2015 23:22,2.086561281,0.02138971
1299,13/07/2015 23:22,16/07/2015 23:22,1.302893651,0.095938625
1300,16/07/2015 23:22,19/07/2015 23:22,2.137171828,0.110604671
1301,19/07/2015 23:22,22/07/2015 23:22,0.459876503,0.017834774
1302,22/07/2015 23:22,24/07/2015 12:00,1.7862672,0.077699009
1303,24/07/2015 12:02,27/07/2015 12:02,1.428343229,0.015674852
1304,27/07/2015 14:32,30/07/2015 14:32,1.036066066,0.047215131
1305,30/07/2015 14:32,02/08/2015 14:32,0.814093316,0.023789944
1306,02/08/2015 14:32,05/08/2015 09:30,0.728528151,0.026606105
1307,05/08/2015 09:30,08/08/2015 09:30,0.786140277,0.024956182
1308,08/08/2015 09:30,11/08/2015 09:30,1.269120392,0.022167952
1309,11/08/2015 09:30,14/08/2015 09:30,1.614752498,0.038508152
1310,14/08/2015 09:30,17/08/2015 09:30,1.646231953,0.023426434
1311,17/08/2015 09:30,20/08/2015 09:30,0.741339767,0.014843305
1312,20/08/2015 09:30,23/08/2015 09:30,2.005296513,0.028218877
1313,23/08/2015 09:30,26/08/2015 09:30,1.734328998,0.014334674
1314,26/08/2015 13:01,29/08/2015 13:03,0.820123151,0.025408929
1315,29/08/2015 13:03,01/09/2015 13:03,0.840269665,0.044837511
1316,03/09/2015 12:59,06/09/2015 12:59,1.15775322,0.037641542
1317,06/09/2015 12:59,09/09/2015 12:59,1.077127505,0.007825663
1318,10/09/2015 12:00,13/09/2015 12:00,1.215097697,0.112010257
1319,13/09/2015 12:00,16/09/2015 12:00,0.731213204,0.02390879
1320,16/09/2015 12:01,19/09/2015 12:00,0.835713674,0.017198376
1321,19/09/2015 12:00,22/09/2015 12:00,0.423736454,0.007097418
1322,22/09/2015 12:01,25/09/2015 12:00,0.871600766,0.038897688
1323,25/09/2015 12:01,28/09/2015 12:00,1.460412625,0.057767017
1324,28/09/2015 12:01,01/10/2015 12:00,0.710910531,0.023380764
1325,01/10/2015 12:03,04/10/2015 12:01,2.594264882,0.052681184
1326,04/10/2015 12:01,07/10/2015 12:01,2.078684057,0.046981546
1327,07/10/2015 12:01,10/10/2015 12:01,2.116939002,0.041347147
1328,10/10/2015 12:01,13/10/2015 12:01,0.55094301,0.015376724
1329,13/10/2015 12:17,16/10/2015 12:17,0.187770853,0.008007724
1330,16/10/2015 12:17,19/10/2015 12:17,0.250653918,0.009710663
1331,19/10/2015 12:17,22/10/2015 12:17,0.315839438,0.012744756
1332,22/10/2015 12:41,25/10/2015 12:40,0.292178505,0.011685703
1333,25/10/2015 12:44,28/10/2015 14:27,0.254913894,0.012151409
1334,28/10/2015 14:27,01/11/2015 22:35,0.660090308,0.024075304
1335,01/11/2015 22:36,07/11/2015 14:17,0.800697721,0.017019177
1336,07/11/2015 14:17,10/11/2015 14:17,1.642206872,0.020753536
1337,10/11/2015 14:22,13/11/2015 14:24,1.000910964,0.02855724
1338,14/11/2015 11:06,16/11/2015 11:11,1.849136206,0.083868957
1339,16/11/2015 11:15,19/11/2015 11:15,1.325339176,0.038160621
1340,19/11/2015 11:40,20/11/2015 17:12,1.489981995,0.062668416
1341,20/11/2015 17:20,22/11/2015 09:11,1.322528956,0.07665905
1342,22/11/2015 09:11,23/11/2015 11:30,1.280355861,0.125614408
1343,23/11/2015 11:35,27/11/2015 15:35,0.928247935,0.0105624
1344,27/11/2015 15:37,01/12/2015 17:54,1.167640292,0.005502945
1345,02/12/2015 11:14,03/12/2015 13:51,1.951865184,0.017088898
1346,03/12/2015 14:00,04/12/2015 14:00,2.365911145,0.054908729
1347,04/12/2015 14:05,07/12/2015 14:31,2.161526758,0.041542949
1348,07/12/2015 14:31,08/12/2015 14:31,1.959449026,0.074432394
1349,08/12/2015 14:33,09/12/2015 14:32,1.833765632,0.083642191
1350,09/12/2015 14:33,10/12/2015 14:32,1.41026345,0.063349327
1351,10/12/2015 14:35,14/12/2015 14:37,1.203041827,0.030730018
1352,14/12/2015 14:37,18/12/2015 16:35,1.469627942,0.026166632
1353,18/12/2015 16:35,20/12/2015 05:50,1.685228456,0.052851178
1354,20/12/2015 05:50,23/12/2015 05:23,0.962720916,0.045109283
1355,23/12/2015 18:15,28/12/2015 16:18,1.476422018,0.079594695
1356,28/12/2015 16:18,31/12/2015 16:17,1.227718977,0.017390667
1357,31/12/2015 16:20,04/01/2016 16:17,1.303391178,0.016320761
1358,04/01/2016 16:17,07/01/2016 18:41,1.111194176,0.038528443
1359,07/01/2016 18:42,10/01/2016 18:41,1.49076629,0.06172397
1360,10/01/2016 18:42,00/01/1900 00:00,,
1361,15/01/2016 18:53,16/01/2016 18:41,2.893596009,0.040096736
1362,19/01/2016 18:09,22/01/2016 04:39,1.181774305,0.01620878
1363,22/01/2016 04:40,26/01/2016 15:21,0.50258331,0.006205331
1364,,,,
1365,26/01/2016 15:21,27/01/2016 15:24,2.052319428,0.149628911
1366,27/01/2016 15:25,28/01/2016 15:47,1.666750721,0.074671185
1367,28/01/2016 16:11,29/01/2016 16:11,1.582698223,0.0890183
1368,29/01/2016 16:45,30/01/2016 16:44,1.822313768,0.074976432
1369,30/01/2016 16:45,31/01/2016 16:44,1.920407968,0.073082763
1370,31/01/2016 16:45,01/02/2016 16:45,1.979116598,0.093289564
1371,01/02/2016 16:45,02/02/2016 16:45,1.696782118,0.091671436
1372,02/02/2016 16:45,03/02/2016 16:45,1.965380004,0.124423919
1373,03/02/2016 16:45,04/02/2016 16:45,1.7555196,0.078901835
1374,04/02/2016 16:45,05/02/2016 16:45,1.849853894,0.045724226
1375,05/02/2016 16:45,06/02/2016 16:45,1.661533383,0.032852776
1376,06/02/2016 16:45,07/02/2016 16:45,1.731633574,0.270030057
1377,07/02/2016 16:45,08/02/2016 16:44,1.850533886,0.050585197
1378,08/02/2016 16:45,09/02/2016 10:00,1.6047897,0.056850554
1379,09/02/2016 10:00,09/02/2016 16:44,2.800925846,0.124702319
1380,09/02/2016 16:49,10/02/2016 16:49,1.53947791,0.044597878
1381,10/02/2016 16:49,11/02/2016 15:30,1.212174239,0.028764288
1382,11/02/2016 15:30,13/02/2016 10:34,1.1676909,0
1383,13/02/2016 10:34,14/02/2016 10:34,0.654250411,0.042034533
1384,14/02/2016 10:34,15/02/2016 10:34,1.063247453,0.080854379
1385,15/02/2016 10:34,16/02/2016 10:34,1.021895681,0.023634629
1386,16/02/2016 10:34,17/02/2016 10:22,0.747817743,0.026038897
1388,17/02/2016 10:22,18/02/2016 10:11,1.031622436,0.055110907
1389,18/02/2016 10:12,19/02/2016 12:31,0.688873467,0.042944806
1390,19/02/2016 13:49,22/02/2016 11:33,0.350469831,0.079178552
1391,22/02/2016 11:33,23/02/2016 11:59,0.998751165,0.083649511
1392,23/02/2016 12:13,26/02/2016 11:58,1.991675977,0.041873657
1393,26/02/2016 17:07,29/02/2016 12:02,0.850188181,0.002977472
1394,02/03/2016 16:26,05/03/2016 16:26,1.575303352,0.005519566
1395,08/03/2016 12:59,11/03/2016 12:58,0.65632518,0.010923782
1396,11/03/2016 12:59,14/03/2016 12:58,0.893480219,0
1397,14/03/2016 12:59,16/03/2016 11:00,0.879677847,0
1398,16/03/2016 11:00,19/03/2016 11:00,1.107499833,0.003346497
1399,19/03/2016 11:00,22/03/2016 11:00,0.666170674,0
1400,22/03/2016 11:00,25/03/2016 11:00,0.65331576,0.013536154
1401,25/03/2016 11:00,28/03/2016 11:00,1.638436227,0.005573651
1402,28/03/2016 11:00,31/03/2016 11:00,0.919864332,0.004074258
1403,31/03/2016 11:00,03/04/2016 11:00,0.335139439,0.006423673
1404,03/04/2016 11:00,06/04/2016 11:00,0.633652696,0.016777165
1405,06/04/2016 11:00,09/04/2016 11:00,0.399403774,0.005921899
1406,09/04/2016 11:00,12/04/2016 11:00,0.914621853,0.010401915
1407,12/04/2016 12:30,15/04/2016 12:30,0.44212045,0.003002682
1408,15/04/2016 12:30,18/04/2016 12:30,0.667016446,0.01301017
1409,22/04/2016 12:00,25/04/2016 11:59,0.34354888,0.005564941
1410,25/04/2016 12:00,28/04/2016 11:59,0.332285781,0.00338495
1411,28/04/2016 12:00,01/05/2016 11:59,0.41722102,0.008141749
1412,01/05/2016 12:00,04/05/2016 11:59,0.840731056,0.009191602
1413,05/05/2016 12:30,08/05/2016 12:29,0.556842651,0.01486601
1414,08/05/2016 12:30,11/05/2016 12:30,0.330291544,0.009089508
1415,12/05/2016 13:00,15/05/2016 12:59,0.404460568,0.012292868
1416,15/05/2016 13:00,18/05/2016 12:59,0.71243888,0.046354063
1417,18/05/2016 13:00,21/05/2016 02:59,0.94491454,0.024101069
1418,21/05/2016 03:00,24/05/2016 02:59,0.746359588,0.023442595
1419,24/05/2016 03:00,27/05/2016 02:59,0.714928789,0
1420,27/05/2016 03:00,30/05/2016 02:59,0.489904789,0.040383599
1421,31/05/2016 13:32,03/06/2016 13:32,0.883429708,0.053484135
1422,03/06/2016 13:32,06/06/2016 13:32,0.685857046,0.01569494
1423,06/06/2016 13:32,09/06/2016 13:32,0.749613713,0.008893896
1424,09/06/2016 13:32,12/06/2016 13:32,0.850798944,0.01526189
1425,12/06/2016 13:32,15/06/2016 12:40,0.639815796,0.025047877
1426,15/06/2016 12:40,18/06/2016 12:40,0.557638347,0.017519991
1427,18/06/2016 12:40,21/06/2016 12:40,0.854808849,0.049459688
1428,21/06/2016 12:40,24/06/2016 12:40,0.623960191,0.015891906
1429,24/06/2016 12:40,27/06/2016 12:40,1.776390457,0.012363225
1430,27/06/2016 12:40,30/06/2016 12:40,0.819316606,0.008449316
1431,30/06/2016 12:40,03/07/2016 12:40,1.132976022,0.052671595
1432,03/07/2016 12:40,06/07/2016 12:40,0.765859916,0.027686622
1433,06/07/2016 12:40,09/07/2016 12:40,0.578979759,0.015279574
1434,09/07/2016 12:40,12/07/2016 12:40,1.135891178,0.050521262
1435,12/07/2016 12:40,15/07/2016 12:40,0.9811223,0.029811448
1436,15/07/2016 17:25,18/07/2016 17:25,1.317392494,0.063964575
1437,18/07/2016 17:25,21/07/2016 17:25,0.853106029,0.040646994
1438,21/07/2016 17:25,24/07/2016 17:25,1.696588481,0.008153364
1439,24/07/2016 17:25,27/07/2016 17:25,1.268571836,0.05650361
1440,27/07/2016 17:25,30/07/2016 17:25,1.807466392,0.01106195
1441,30/07/2016 17:25,02/08/2016 17:25,1.047052563,0.01874601
1442,04/08/2016 14:30,05/08/2016 14:30,,
1443,04/08/2016 14:26,08/08/2016 15:28,1.254183485,0.025342264
1444,08/08/2016 15:28,11/08/2016 15:28,0.832088676,0.008834406
1445,11/08/2016 15:28,14/08/2016 15:28,1.479019042,0.070353062
1446,14/08/2016 15:28,17/08/2016 15:28,1.752376462,0.084614502
1447,17/08/2016 15:28,20/08/2016 15:28,1.751593503,0.039318277
1448,20/08/2016 15:28,23/08/2016 15:28,1.27964509,0.006742319
1449,23/08/2016 15:28,26/08/2016 15:28,1.056043617,0
1450,26/08/2016 15:28,29/08/2016 15:28,1.603672496,0.005887486
1451,29/08/2016 15:28,01/09/2016 15:28,2.182623593,0.00742959
1452,01/09/2016 15:28,04/09/2016 15:28,0.638144605,0.011355377
1453,04/09/2016 15:28,07/09/2016 15:28,1.069658534,0.039955576
1454,07/09/2016 15:28,10/09/2016 15:28,1.401563417,0.045300342
1455,10/09/2016 15:28,13/09/2016 15:28,0.719910715,0.016782607
1456,13/09/2016 15:28,16/09/2016 15:28,1.005519018,0.012104568
1457,28/09/2016 16:00,01/10/2016 16:00,1.843930387,0.05751042
1458,01/10/2016 16:00,04/10/2016 16:00,1.822638338,0.01642298
1459,04/10/2016 16:00,08/10/2016 16:18,1.130939997,0.023147537
1460,10/10/2016 19:56,13/10/2016 19:55,1.086589444,0.028908675
1461,13/10/2016 19:55,16/10/2016 19:55,0.466713274,0.010334471
1462,16/10/2016 19:57,19/10/2016 19:57,0.83462401,0
1463,19/10/2016 19:57,22/10/2016 11:59,0.987723232,0.006859109
1464,22/10/2016 11:59,25/10/2016 11:59,0.518083149,0.015679182
1465,25/10/2016 11:59,28/10/2016 11:59,0.176471401,0.00634528
1466,28/10/2016 11:59,31/10/2016 11:59,0.874433067,0.007970777
1467,31/10/2016 12:10,03/11/2016 12:10,2.345923789,0.006869424
1468,03/11/2016 12:10,06/11/2016 12:10,1.649588563,0
1469,06/11/2016 12:10,09/11/2016 12:10,0.481912531,0
1470,09/11/2016 12:10,12/11/2016 12:10,1.175488897,0
1471,12/11/2016 12:10,15/11/2016 12:10,1.405007037,0.006020904
1472,15/11/2016 12:10,18/11/2016 12:10,1.221985253,0
1473,18/11/2016 16:55,21/11/2016 16:54,1.448548831,0.028061397
1474,21/11/2016 16:55,24/11/2016 16:54,1.257293417,0.030310076
1475,24/11/2016 16:55,27/11/2016 16:54,0.686518274,0.014852903
1476,27/11/2016 16:55,29/11/2016 11:59,0.439371222,0
1477,29/11/2016 12:00,02/12/2016 11:59,0.461474094,0.005231947
1478,02/12/2016 12:00,05/12/2016 11:59,0.329336247,0.00495245
1479,05/12/2016 12:00,08/12/2016 11:59,0.499959269,0.006567332
1480,08/12/2016 12:00,11/12/2016 11:59,0.994217317,0.006841575
1481,11/12/2016 12:00,14/12/2016 11:59,1.215904368,0.047424976
1482,14/12/2016 12:00,17/12/2016 11:59,0.979157952,0.028905765
1483,17/12/2016 12:00,20/12/2016 11:59,0.554958182,0.008821421
1484,20/12/2016 12:01,23/12/2016 12:00,1.185396373,0.024376196
1485,23/12/2016 12:01,26/12/2016 12:00,1.851941275,0.015100613
1486,26/12/2016 12:01,27/12/2016 11:59,2.601998602,0.033641368
1487,27/12/2016 12:00,28/12/2016 11:59,3.055077985,0.049332952
1488,28/12/2016 12:00,29/12/2016 11:59,2.781520086,0.053926289
1489,29/12/2016 12:00,30/12/2016 11:59,2.481164,0.117651242
1490,30/12/2016 12:00,31/12/2016 11:59,2.222932659,0.029782501
1491,31/12/2016 12:00,01/01/2017 11:59,1.942008131,0.027753486
1492,01/01/2017 12:00,02/01/2017 11:59,1.541961657,0.017258769
1493,02/01/2017 12:00,03/01/2017 11:59,1.98434757,0.026959808
1494,03/01/2017 12:00,06/01/2017 11:59,1.464257637,0.020354392
1495,06/01/2017 12:00,09/01/2017 11:59,0.739609698,0.029695983
1496,09/01/2017 12:00,12/01/2017 11:59,1.207737407,0.02458667
1497,12/01/2017 12:00,15/01/2017 11:59,1.256958886,0.008552106
1498,15/01/2017 12:00,18/01/2017 11:59,1.274922511,0.036581377
1499,18/01/2017 12:00,21/01/2017 11:59,1.076788755,0.036450015
1500,21/01/2017 12:00,24/01/2017 11:59,0.752782134,0.008723976
1501,24/01/2017 12:00,27/01/2017 11:59,0.723519402,0.042549855
1502,27/01/2017 12:01,30/01/2017 12:01,0.938735192,0.011614279
1503,30/01/2017 13:57,02/02/2017 13:57,0.425102498,0.034472247
1504,02/02/2017 14:24,05/02/2017 14:23,0.984743981,0.004309196
1505,05/02/2017 14:24,08/02/2017 14:23,2.388778947,0.004350911
1506,08/02/2017 14:33,11/02/2017 14:32,1.500724018,0.059786124
1507,11/02/2017 15:03,14/02/2017 15:05,0.259375509,0.015778506
1508,14/02/2017 15:29,17/02/2017 12:29,0.639113233,0.004703552
1509,17/02/2017 12:30,20/02/2017 12:29,1.6026308,0
1510,20/02/2017 12:30,23/02/2017 12:29,0.736496179,0.00731937
1511,23/02/2017 12:30,26/02/2017 12:29,1.821847005,0.006079807
1512,26/02/2017 12:30,01/03/2017 12:29,1.206838376,0.00624436
1513,01/03/2017 12:31,04/03/2017 12:29,0.882120345,0.004543833
1514,04/03/2017 12:31,07/03/2017 12:29,1.428180794,0
1515,07/03/2017 12:31,10/03/2017 12:30,1.709455938,0
1516,10/03/2017 12:31,13/03/2017 12:30,1.211949727,0.004310191
1517,13/03/2017 12:31,16/03/2017 12:30,1.684884659,0
1518,16/03/2017 12:32,19/03/2017 12:31,0.898966354,0.007672361
1519,19/03/2017 12:33,22/03/2017 12:32,1.719976845,0.003683827
1520,22/03/2017 12:34,25/03/2017 12:33,1.035032955,0
1521,25/03/2017 12:34,28/03/2017 12:33,0.402637306,0
1522,30/03/2017 13:30,02/04/2017 13:30,1.728717655,0
1523,02/04/2017 13:30,05/04/2017 13:30,1.94591035,0.04713397
1524,05/04/2017 13:30,08/04/2017 13:30,1.536723578,0.069750403
1525,08/04/2017 13:30,11/04/2017 13:30,0.729420829,0.044129137
1526,11/04/2017 13:31,14/04/2017 13:31,1.512483708,0.05339532
1527,14/04/2017 13:31,17/04/2017 13:31,1.561457247,0.036207496
1528,17/04/2017 13:31,20/04/2017 13:31,0.969317106,0.021832735
1529,20/04/2017 13:31,23/04/2017 13:31,0.557619083,0.025619423
1530,23/04/2017 13:31,26/04/2017 13:31,0.701561821,0.020699373
1531,26/04/2017 13:31,29/04/2017 13:31,0.436634087,0.013954845
1532,29/04/2017 13:31,02/05/2017 13:31,0.398546178,0.005215608
1533,02/05/2017 13:31,05/05/2017 13:31,0.446948489,0.014444111
1534,05/05/2017 13:31,08/05/2017 13:31,0.288070184,0.004086356
1535,08/05/2017 13:31,11/05/2017 13:31,0.315745583,0.004811839
1536,11/05/2017 13:31,14/05/2017 13:31,0.393674898,0.021136253
1537,14/05/2017 13:31,17/05/2017 13:31,0.908949699,0.05216357
1538,17/05/2017 13:31,20/05/2017 13:31,1.266307295,0.066667441
1539,20/05/2017 13:31,23/05/2017 13:31,0.826561774,0.029162743
1540,23/05/2017 13:31,26/05/2017 13:31,0.684111642,0.035720419
1541,26/05/2017 13:31,29/05/2017 13:31,0.453888944,0.015824272
1542,29/05/2017 13:31,01/06/2017 13:31,0.7094655,0.027884715
1543,01/06/2017 13:31,04/06/2017 13:31,0.59057762,0.031462765
1544,04/06/2017 13:31,07/06/2017 13:31,1.047401844,0.043654363
1545,07/06/2017 13:55,09/06/2017 13:27,0.743659255,0.029002819
1546,15/06/2017 00:01,18/06/2017 00:00,,
1547,18/06/2017 00:01,21/06/2017 00:00,,
1548,21/06/2017 00:01,24/06/2017 00:00,1.232567416,0.032910942
1549,24/06/2017 00:01,27/06/2017 00:00,1.16151469,0.034390416
1550,27/06/2017 00:01,30/06/2017 00:00,1.291711002,0.029492124
1551,30/06/2017 00:01,03/07/2017 00:00,0.880363941,0.032010442
1552,03/07/2017 00:01,06/07/2017 00:00,1.061040997,0.046820645
1553,06/07/2017 00:01,09/07/2017 00:00,1.08529424,0.023135145
1554,09/07/2017 00:01,12/07/2017 00:00,0.832453836,0.019495921
1555,12/07/2017 00:01,15/07/2017 00:00,0.666312662,0.020094819
1556,15/07/2017 00:01,18/07/2017 00:00,0.574258328,0.01769941
1557,18/07/2017 00:01,21/07/2017 00:00,1.220502295,0.041715112
1558,21/07/2017 00:01,24/07/2017 00:00,1.054796401,0.031979658
1559,24/07/2017 00:01,27/07/2017 00:00,0.719095813,0.060826486
1560,27/07/2017 00:01,30/07/2017 00:00,1.057964638,0.046290305
1561,30/07/2017 00:01,02/08/2017 00:00,2.002106272,0.034451917
1562,02/08/2017 00:01,05/08/2017 00:00,1.022890768,0.034129458
1563,05/08/2017 00:01,08/08/2017 00:00,0.533688693,0.015810686
1564,08/08/2017 00:01,11/08/2017 00:00,0.555907595,0.015303966
1565,11/08/2017 00:01,14/08/2017 00:00,1.545623753,0.039242644
1566,14/08/2017 00:01,17/08/2017 00:00,1.519247124,0.03967268
1567,17/08/2017 00:01,20/08/2017 00:00,1.72986344,0.046943724
1568,20/08/2017 00:01,23/08/2017 00:00,1.253832751,0.040793608
1569,23/08/2017 00:01,26/08/2017 00:00,1.323550965,0.036069806
1570,26/08/2017 00:01,29/08/2017 00:00,1.256847572,0.022574268
1571,29/08/2017 00:01,01/09/2017 00:00,0.678781072,0.016394219
1572,01/09/2017 00:01,04/09/2017 00:00,0.793628402,0.024396812
1573,04/09/2017 00:01,07/09/2017 00:00,1.281718805,0.043848275
1574,07/09/2017 00:01,10/09/2017 00:00,1.24156253,0.029061577
1575,10/09/2017 09:23,13/09/2017 09:22,1.41631356,0.055166955
1577,14/09/2017 00:00,15/09/2017 00:00,,
1578,15/09/2017 00:00,16/09/2017 00:00,0.876884126,0.024857743
1579,16/09/2017 15:00,17/09/2017 15:00,1.985033833,0.014067141
1580,16/09/2017 15:00,17/09/2017 15:00,,
1581,17/09/2017 15:00,18/09/2017 12:00,1.814514594,0.011807318
1582,18/09/2017 20:00,19/09/2017 20:00,1.894031896,0.04544933
1583,19/09/2017 20:00,20/09/2017 20:00,1.894352413,0.014166857
1584,21/09/2017 20:00,22/09/2017 20:00,0.718246844,0.02862218
1585,22/09/2017 15:00,23/09/2017 15:00,0.469974273,0
1586,23/09/2017 15:00,24/09/2017 15:00,0.713086518,0.017916908
1587,24/09/2017 15:00,25/09/2017 15:00,1.435115465,0.021122079
1588,25/09/2017 15:00,26/09/2017 15:00,2.039916551,0.027415392
1589,26/09/2017 15:00,27/09/2017 15:00,1.320397254,0.014141743
1590,27/09/2017 15:00,28/09/2017 15:00,1.399680443,0.022582198
1591,28/09/2017 15:00,29/09/2017 15:00,1.666176845,0.034908665
1592,29/09/2017 15:00,30/09/2017 15:00,1.426205799,0.007820622
1593,30/09/2017 15:00,01/10/2017 15:00,1.156200589,0.056621867
1594,29/09/2017 15:00,30/09/2017 15:00,,
1595,01/10/2017 15:00,02/10/2017 15:00,1.260534594,0.024972522
1596,02/10/2017 15:00,03/10/2017 15:00,1.491240129,0.182536762
1597,03/10/2017 15:00,04/10/2017 15:00,1.534539879,0.054359706
1598,04/10/2017 15:00,05/10/2017 15:00,1.332357672,0.061314928
1599,05/10/2017 15:00,06/10/2017 15:00,1.095625647,0.014285186
1600,21/09/2017 15:39,22/09/2017 15:23,0.454856923,0.026426202
1601,22/09/2017 15:23,23/09/2017 14:59,0.256288731,0
1602,23/09/2017 14:59,24/09/2017 15:01,0.461466609,0.022870699
1603,24/09/2017 15:01,25/09/2017 15:11,0.880384802,0.048056143
1604,25/09/2017 15:13,26/09/2017 15:19,0.654569447,0.043204149
1605,26/09/2017 15:20,27/09/2017 15:23,0.31730254,0.023755438
1606,27/09/2017 15:23,28/09/2017 15:59,0.306042765,0.022892356
1607,28/09/2017 16:01,29/09/2017 15:28,1.012152903,0.042999331
1608,29/09/2017 15:30,01/10/2017 18:00,0.9278121,0.052430436
1609,01/10/2017 18:02,02/10/2017 16:09,0.43015515,0.059718221
1610,02/10/2017 16:09,03/10/2017 16:09,0.513974541,0.049159502
1611,03/10/2017 16:10,04/10/2017 15:27,0.526430319,0.042938218
1612,04/10/2017 15:27,05/10/2017 15:00,0.377949518,0.102690104
1613,05/10/2017 15:00,06/10/2017 15:01,0.222869324,0.032263167
1614,06/10/2017 15:03,07/10/2017 15:02,0.594226834,0.085812894
1615,07/10/2017 15:02,08/10/2017 17:12,0.637942113,0.2520976
1616,08/10/2017 17:13,09/10/2017 11:04,0.194542953,0.093953494
1618,11/10/2017 15:00,12/10/2017 15:00,0.774506608,0.01224787
1619,12/10/2017 15:00,13/10/2017 15:00,1.50278635,0
1620,14/10/2017 00:01,17/10/2017 00:01,1.980098329,0
1621,17/10/2017 00:01,20/10/2017 00:01,2.247251617,0.004747203
1622,21/10/2017 00:01,24/10/2017 00:01,1.284892602,0.055569998
1623,24/10/2017 00:01,27/10/2017 00:01,1.475338035,0.042682187
1624,27/10/2017 00:01,30/10/2017 00:00,1.711734189,0
1625,30/10/2017 00:00,02/11/2017 00:00,1.875835225,0
1626,02/11/2017 00:00,05/11/2017 00:00,1.56651689,0.044539605
1627,05/11/2017 00:00,08/11/2017 00:01,0.707563699,0.004103821
1628,08/11/2017 00:01,11/11/2017 00:01,0.513374374,0
1629,11/11/2017 00:01,14/11/2017 00:01,2.139353092,0.025216136
1630,14/11/2017 00:01,17/11/2017 00:01,1.5962699,0.003546034
1631,17/11/2017 00:01,20/11/2017 00:01,1.396081674,0
1632,20/11/2017 00:01,23/11/2017 00:01,0.81553644,0.019456613
1633,23/11/2017 00:01,26/11/2017 00:01,0.590926315,0.011668302
1634,26/11/2017 00:01,29/11/2017 00:01,0.993269378,0
1635,29/11/2017 00:01,02/12/2017 00:01,1.46341965,0.004497441
1636,02/12/2017 00:01,05/12/2017 00:01,1.175522961,0.027125969
1637,05/12/2017 00:01,08/12/2017 00:01,1.595498803,0
1638,08/12/2017 00:01,11/12/2017 00:01,1.880846738,0.007628286
1639,11/12/2017 00:01,14/12/2017 00:01,0.912486294,0
1640,14/12/2017 00:01,17/12/2017 00:01,1.295285552,0
1641,06/10/2017 15:00,07/10/2017 15:00,1.480091807,0.030877417
1642,07/10/2017 15:00,08/10/2017 15:00,1.378880393,0.036393301
1643,08/10/2017 15:00,09/10/2017 15:00,1.477302086,0.03845938
1644,07/10/2017 16:00,08/10/2017 16:00,,
1645,09/10/2017 15:00,10/10/2017 15:00,1.086598348,0.068233647
1646,10/10/2017 15:00,11/10/2017 15:00,0.560914194,0.056630143
1647,17/12/2017 00:01,20/12/2017 00:01,,
1648,20/12/2017 00:01,23/12/2017 00:01,1.005307337,0
1649,23/12/2017 00:01,26/12/2017 00:01,1.3865993,0.026092794
1650,26/12/2017 00:01,29/12/2017 00:01,1.561659232,0.027159516
1651,29/12/2017 00:01,01/01/2018 00:01,1.628161617,0.029074953
1652,,,,
1653,01/01/2018 00:01,04/01/2018 00:01,1.511540381,0
1654,04/01/2018 00:01,07/01/2018 00:01,1.406749889,0.004702674
1655,07/01/2018 00:01,10/01/2018 00:01,0.411706336,0
1656,10/01/2018 00:01,13/01/2018 00:01,0.986985012,0
1657,13/01/2018 00:01,16/01/2018 00:01,1.072608372,0
1658,16/01/2018 00:01,19/01/2018 00:01,1.182906742,0
1659,19/01/2018 00:01,22/01/2018 00:01,1.300225485,0.035776904
1660,22/01/2018 00:01,25/01/2018 00:01,2.311348427,0.010219261
1661,25/01/2018 00:01,28/01/2018 00:01,1.586036424,0
1662,28/01/2018 00:01,31/01/2018 00:01,0.883198947,0
1663,31/01/2018 00:01,03/02/2018 00:01,0.69258383,0
1664,03/02/2018 00:01,18/02/2018 00:01,1.066291205,0.014002077
1666,06/02/2018 00:01,09/02/2018 00:01,0.898434356,0
1667,09/02/2018 00:01,12/02/2018 00:01,1.716056561,0.005645245
1668,12/02/2018 00:01,15/02/2018 00:01,1.013075214,0.012563724
1669,15/02/2018 00:01,21/02/2018 00:01,1.090294227,0.044118454
1665,18/02/2018 00:01,06/02/2018 00:01,0.669034943,0
1670,21/02/2018 00:01,24/02/2018 00:01,0.655473864,0.005099684
1671,24/02/2018 00:01,27/02/2018 00:01,0.411472464,0
1672,27/02/2018 00:01,02/03/2018 00:01,0.467155362,0
1673,02/03/2018 00:01,05/03/2018 00:01,0.221843712,0
1674,05/03/2018 00:01,08/03/2018 00:01,0.366579163,0.040848685
1675,08/03/2018 00:01,11/03/2018 00:01,0.507187379,0.039730227
1676,11/03/2018 00:01,14/03/2018 00:01,0.700990635,0.037410996
1677,14/03/2018 00:01,17/03/2018 00:01,0.641254847,0.025281398
1678,17/03/2018 00:01,20/03/2018 00:01,0.813664213,0
1679,20/03/2018 00:01,23/03/2018 00:01,1.079106843,0
1680,23/03/2018 00:01,26/03/2018 00:01,1.532268163,0
1681,26/03/2018 00:01,29/03/2018 00:01,0.883993233,0.004833994
1682,29/03/2018 00:01,01/04/2018 00:01,1.768300843,0
1683,01/04/2018 00:01,04/04/2018 00:01,0.889636131,0.005319492
1684,04/04/2018 00:01,07/04/2018 00:01,0.864845712,0.038717971
1685,07/04/2018 00:01,10/04/2018 00:01,0.590784558,0
1686,10/04/2018 00:01,13/04/2018 00:01,0.862413953,0.007248662
1687,13/04/2018 00:01,16/04/2018 00:01,0.667680444,0.021506652
1688,16/04/2018 00:01,19/04/2018 00:01,0.86531905,0.007060768
1689,19/04/2018 00:01,22/04/2018 00:01,0.91496999,0.037633269
1690,22/04/2018 00:01,25/04/2018 00:01,0.441854004,0.022912205
1691,25/04/2018 00:01,28/04/2018 00:01,1.472504473,0.005532718
1692,28/04/2018 00:01,01/05/2018 00:01,1.410578967,0.029945112
1693,01/05/2018 00:01,04/05/2018 00:01,0.882056506,0.031181321
1694,04/05/2018 00:01,07/05/2018 00:01,0.458233986,0.014153681
1695,07/05/2018 00:01,10/05/2018 00:01,0.592556411,0.030620202
1696,10/05/2018 00:01,13/05/2018 00:01,0.911235516,0.027343881
1697,13/05/2018 00:01,16/05/2018 00:01,0.91446386,0.04188197
1698,16/05/2018 00:01,19/05/2018 00:01,0.686325925,0.024076384
1699,19/05/2018 00:01,22/05/2018 00:01,0.613154438,0.03010777
1700,22/05/2018 00:01,25/05/2018 00:01,0.616028357,0.027036689
1701,25/05/2018 00:01,28/05/2018 00:02,0.62004371,0.040881363
1702,28/05/2018 00:02,31/05/2018 00:02,1.13887239,0.058642253
1703,31/05/2018 00:02,03/06/2018 00:02,1.032597943,0.058848168
1704,03/06/2018 00:02,06/06/2018 00:02,0.885606784,0.048382998
1705,06/06/2018 00:02,09/06/2018 00:01,1.100250533,0
1706,09/06/2018 00:01,12/06/2018 00:01,0,0
1707,12/06/2018 00:02,15/06/2018 00:02,0.888506146,0.038700358
1708,15/06/2018 00:02,17/06/2018 11:36,0.852828397,0.012967474
1709,17/06/2018 11:36,18/06/2018 11:36,0.648271144,0.016114257
1710,18/06/2018 11:36,19/06/2018 11:36,0.829750952,0.025493164
1711,19/06/2018 11:36,20/06/2018 11:36,0.499481717,0.011355349
1712,20/06/2018 11:36,21/06/2018 10:30,0.508957661,0.028378285
1713,21/06/2018 10:30,22/06/2018 10:30,0.671242821,0.040399239
1714,22/06/2018 10:30,23/06/2018 10:30,0.825804983,0.054817525
1715,23/06/2018 10:30,24/06/2018 10:30,1.167249109,0.144990715
1716,24/06/2018 10:30,25/06/2018 10:30,1.135561736,0.052342804
1717,25/06/2018 10:30,26/06/2018 10:30,0.554550809,0.016205854
1718,26/06/2018 10:30,27/06/2018 10:30,1.175101859,0.020072761
1719,27/06/2018 10:30,28/06/2018 10:30,2.310682638,0.050036796
1721,28/06/2018 10:30,29/06/2018 10:30,,
1720,30/06/2018 00:00,03/07/2018 00:00,1.705497253,0.044417856
1722,03/07/2018 00:00,06/07/2018 00:00,0.556370181,0.029908183
1723,06/07/2018 00:00,09/07/2018 00:00,1.166069923,0
1724,09/07/2018 00:00,12/07/2018 00:00,1.333707523,0.018569434
1725,12/07/2018 00:00,15/07/2018 00:00,1.416797106,0.074588671
1726,15/07/2018 00:00,18/07/2018 00:00,0.992634833,0.141371742
1727,18/07/2018 00:00,21/07/2018 00:00,0.815310452,0
1728,21/07/2018 00:00,24/07/2018 00:00,1.158533824,0.031771814
1729,24/07/2018 00:00,27/07/2018 00:00,1.018179343,0.037094916
1730,27/07/2018 00:00,30/07/2018 00:00,0.735597696,0.019901029
1731,30/07/2018 00:00,02/08/2018 00:00,1.110252439,0
1732,02/08/2018 00:00,05/08/2018 00:00,1.13935852,0.004915895
1733,05/08/2018 00:00,08/08/2018 00:00,0.927300482,0.053116972
1734,08/08/2018 00:00,11/08/2018 00:00,2.386807243,0.14339595
1735,11/08/2018 00:00,14/08/2018 00:00,0.757424901,0.025134372
1736,14/08/2018 00:00,17/08/2018 00:00,1.097162332,0.004807246
1737,17/08/2018 00:00,20/08/2018 00:00,1.079996631,0.034400346
1738,20/08/2018 00:00,23/08/2018 00:00,0.625319545,0.041642334
1739,23/08/2018 00:00,26/08/2018 00:00,1.650559377,0.156582923
1740,26/08/2018 00:00,29/08/2018 00:00,1.427809825,0.089208028
1741,29/08/2018 00:00,01/09/2018 00:00,1.712556196,0.032307408
1742,01/09/2018 00:00,04/09/2018 00:00,0.71782827,0.103511185
1743,04/09/2018 00:00,07/09/2018 00:00,2.030242672,0.129694236
1744,07/09/2018 00:00,10/09/2018 00:00,1.745641585,0.005568397
1745,10/09/2018 00:00,13/09/2018 00:00,1.302931986,0.09161826
1746,13/09/2018 00:00,16/09/2018 00:00,1.743876151,0
1747,16/09/2018 00:00,19/09/2018 00:00,1.961796981,0.040924483
1748,19/09/2018 00:00,22/09/2018 00:00,2.015484618,0.005258703
1749,22/09/2018 00:00,25/09/2018 00:00,1.496813909,0.047294814
1750,25/09/2018 00:00,28/09/2018 00:00,1.511968685,0.030395121
1751,28/09/2018 00:00,01/10/2018 00:00,1.91792909,0.04387686
1752,01/10/2018 00:00,04/10/2018 00:00,1.894268171,0.082283872
1753,04/10/2018 00:00,07/10/2018 00:00,1.589228814,0.070034709
1754,07/10/2018 00:00,10/10/2018 00:00,0.954973431,0.006163416
1755,10/10/2018 00:00,13/10/2018 00:00,0.428092189,0.013384254
1756,13/10/2018 00:00,16/10/2018 00:00,0.454851192,0.022294778
1757,16/10/2018 00:00,19/10/2018 00:00,0.909936725,0.004255784
1758,19/10/2018 00:00,22/10/2018 00:00,0.575783731,0.017764141
1759,22/10/2018 00:00,25/10/2018 00:00,0.934277382,0.014888659
1760,25/10/2018 00:00,28/10/2018 00:00,0.735139802,0.009119193
1761,28/10/2018 00:00,31/10/2018 00:00,0.425179853,0.005838516
1762,31/10/2018 00:00,03/11/2018 00:00,0.668365686,0
1763,03/11/2018 00:00,06/11/2018 00:00,0.723746986,0.00710657
1764,06/11/2018 00:00,09/11/2018 00:00,0.720517394,0.022953804
1765,09/11/2018 00:00,12/11/2018 00:00,0.934636105,0.036651394
1766,12/11/2018 00:00,15/11/2018 00:00,0.399756108,0.006208901
1767,15/11/2018 00:00,18/11/2018 00:00,0.424333614,0.013894875
1768,18/11/2018 00:00,21/11/2018 00:00,0.397006364,0.046357735
1769,21/11/2018 00:00,24/11/2018 00:00,0.461614069,0.022417643
1770,24/11/2018 00:00,27/11/2018 00:00,0.649073998,0
1771,27/11/2018 00:00,30/11/2018 00:00,0.892504313,0.034603253
1772,30/11/2018 00:00,03/12/2018 00:00,1.569910304,0
1773,03/12/2018 00:00,06/12/2018 00:00,1.324319617,0.022808011
1774,06/12/2018 00:00,09/12/2018 00:00,1.21043963,0.016882333
1775,09/12/2018 00:00,12/12/2018 00:00,1.436174189,0.017305402
1776,12/12/2018 00:00,15/12/2018 00:00,1.249885644,0.048199859
1777,15/12/2018 00:00,18/12/2018 00:00,1.065501594,0.051775045
1778,18/12/2018 00:00,21/12/2018 00:00,1.319558152,0
1779,21/12/2018 00:00,24/12/2018 00:00,1.699886488,0.028966156
1780,24/12/2018 00:00,27/12/2018 00:00,1.747143725,0.03276872
1781,27/12/2018 00:00,30/12/2018 00:00,1.28954415,0.022150746
1782,30/12/2018 00:00,02/01/2019 00:00,1.20120665,0.005714702
1783,02/01/2019 00:00,05/01/2019 00:00,1.658336837,0.019306158
1784,05/01/2019 00:00,08/01/2019 00:00,1.111220766,0
1785,08/01/2019 00:00,11/01/2019 00:00,1.195159674,0.015569506
1786,11/01/2019 00:00,14/01/2019 00:00,0.892467912,0
1787,14/01/2019 00:00,17/01/2019 00:00,0.418552824,0
1788,17/01/2019 00:00,20/01/2019 00:00,0.81959434,0.051204719
1789,20/01/2019 00:00,21/01/2019 12:00,0.945241087,0.033034139
1790,21/01/2019 12:05,22/01/2019 12:00,0.827417101,0.118695377
1791,22/01/2019 12:00,23/01/2019 11:55,0.666309543,0
1792,23/01/2019 12:04,24/01/2019 11:59,0.87189965,0
1793,24/01/2019 11:59,25/01/2019 11:54,0.934488418,0.105351171
1794,25/01/2019 11:54,26/01/2019 11:54,1.1025121,0
1795,26/01/2019 11:54,27/01/2019 11:54,1.380030473,0
1796,27/01/2019 11:54,28/01/2019 11:54,1.29687056,0
1797,28/01/2019 12:01,29/01/2019 12:01,1.075615202,0
1798,29/01/2019 12:01,30/01/2019 12:01,1.066159248,0.061010169
1799,30/01/2019 12:01,31/01/2019 12:01,1.16574737,0.133806398
1800,31/01/2019 12:01,01/02/2019 12:01,0.626163755,0
1801,01/02/2019 12:01,02/02/2019 12:01,0.446617501,0.037562072
1802,02/02/2019 12:01,03/02/2019 12:01,0.504936583,0.07529418
1803,03/02/2019 12:01,04/02/2019 12:01,0.861798737,0
1804,04/02/2019 12:01,05/02/2019 12:01,0.577738808,0
1805,05/02/2019 12:01,06/02/2019 12:01,0.963371131,0
1806,06/02/2019 12:01,07/02/2019 12:01,1.442322531,0.057951079
1807,07/02/2019 12:01,08/02/2019 12:01,1.570028809,0.065860309
1808,08/02/2019 12:01,09/02/2019 12:01,1.402327991,0
1809,09/02/2019 12:01,10/02/2019 12:01,1.330872419,0
1810,10/02/2019 12:01,11/02/2019 12:01,1.121712978,0
1811,11/02/2019 12:01,12/02/2019 12:01,1.199630134,0
1812,12/02/2019 12:01,13/02/2019 12:01,1.476449338,0
1813,13/02/2019 12:01,14/02/2019 12:01,1.610629306,0
1814,14/02/2019 12:01,15/02/2019 12:01,0.758362568,0.032388385
1815,15/02/2019 12:01,16/02/2019 12:01,0.609811565,0
1816,16/02/2019 12:01,17/02/2019 12:01,0.186820569,0
1817,17/02/2019 12:01,18/02/2019 12:01,0.426750996,0
1818,18/02/2019 12:01,19/02/2019 12:01,1.693995768,0
1819,19/02/2019 12:01,20/02/2019 12:01,1.918471952,0
1820,20/02/2019 12:01,21/02/2019 12:01,1.057269835,0
1821,21/02/2019 12:01,22/02/2019 12:01,1.053599525,0
1822,22/02/2019 12:01,23/02/2019 12:01,0.648755228,0
1823,23/02/2019 12:01,24/02/2019 12:01,1.046784951,0
1824,24/02/2019 12:01,25/02/2019 12:01,2.032532429,0
1825,25/02/2019 12:01,26/02/2019 12:01,1.523677899,0
1826,26/02/2019 12:01,27/02/2019 12:01,2.238400878,0.045295246
1827,27/02/2019 12:01,28/02/2019 12:01,2.078606606,0.056375617
1828,01/03/2019 00:00,04/03/2019 00:00,2.075680044,0.049242526
1829,04/03/2019 00:00,07/03/2019 00:00,1.097783986,0.062542149
1830,07/03/2019 00:00,10/03/2019 00:00,0.579263325,0.02280764
1831,10/03/2019 00:00,13/03/2019 00:00,2.155704814,0.045607697
1832,13/03/2019 00:00,15/03/2019 12:44,2.209167567,0.036540415
1833,16/03/2019 00:01,20/03/2019 00:01,1.829817051,0.038421082
1834,20/03/2019 00:01,24/03/2019 00:01,1.087185698,0.092011388
1835,24/03/2019 00:01,28/03/2019 00:01,0.822192678,0.038784429
1836,28/03/2019 00:01,02/04/2019 00:01,1.085893775,0.040088957
1837,02/04/2019 00:01,07/04/2019 00:01,0.459813307,0.010159023
1838,07/04/2019 00:01,12/04/2019 00:01,0.892222217,0.032941707
1839,12/04/2019 00:01,17/04/2019 00:01,0.893952249,0.020562885
1840,17/04/2019 00:01,22/04/2019 00:01,0.660949921,0.018706953
1841,22/04/2019 00:01,26/04/2019 10:58,0.852373829,0.033414901
1842,27/04/2019 00:01,30/04/2019 00:01,0.968457978,0.107176859
1843,30/04/2019 00:01,03/05/2019 00:01,0.938047565,0.026241955
1844,03/05/2019 00:01,06/05/2019 00:01,0.724181163,0.025716264
1853,06/05/2019 00:01,09/05/2019 00:01,0.865799394,0.081206558
1845,09/05/2019 00:01,12/05/2019 00:01,0.921321809,0.054172378
1846,12/05/2019 00:01,15/05/2019 00:01,0.859400615,0.076399487
1847,15/05/2019 00:01,18/05/2019 00:01,0.919692899,0.051051669
1848,18/05/2019 00:01,21/05/2019 00:01,1.413292212,0.089779562
1849,21/05/2019 00:01,24/05/2019 00:01,0.907128526,0.044713459
1850,24/05/2019 00:01,27/05/2019 00:01,1.015411877,0.022271041
1851,27/05/2019 00:01,30/05/2019 00:01,0.97315493,0.078220976
1852,30/05/2019 00:01,02/06/2019 00:01,1.068917748,0.035430576
1854,02/06/2019 00:01,05/06/2019 00:01,1.387547868,0.042590049
1855,05/06/2019 00:01,08/06/2019 00:01,1.556377795,0.039535868
1856,08/06/2019 00:01,11/06/2019 00:01,0.782451362,0.0528815
1857,11/06/2019 00:01,14/06/2019 00:01,0.730204082,0.037280296
1858,14/06/2019 00:01,17/06/2019 00:01,0.592086247,0.014790878
1859,17/06/2019 00:01,20/06/2019 00:01,0.397061586,0.022561055
1860,20/06/2019 00:01,23/06/2019 00:01,0.432405262,0.025747397
1861,23/06/2019 00:01,26/06/2019 00:01,0.496452222,0.029750556
1862,26/06/2019 00:01,29/06/2019 00:01,0.438399785,0.03101626
1863,29/06/2019 00:01,02/07/2019 00:01,0.697780511,0.039797712
1864,02/07/2019 00:01,05/07/2019 00:01,0.938783183,0.03608389
1865,05/07/2019 00:01,08/07/2019 00:01,0.60716332,0.030672542
1866,08/07/2019 00:01,11/07/2019 00:01,1.06684394,0.069410596
1867,11/07/2019 00:01,14/07/2019 00:01,1.013577367,0.043046178
1868,14/07/2019 00:01,17/07/2019 00:01,1.284276557,0.044488006
1869,17/07/2019 00:01,20/07/2019 00:01,0.871201065,0.022570365
1870,20/07/2019 00:01,23/07/2019 00:01,1.166209495,0.05963745
1871,23/07/2019 00:01,26/07/2019 00:01,1.295795843,0.028544353
1872,26/07/2019 00:01,29/07/2019 00:01,1.165400808,0.012898987
1873,29/07/2019 00:01,01/08/2019 00:01,0.896651434,0.018908731
1874,01/08/2019 00:01,04/08/2019 00:01,0.851389684,0.023705974
1875,04/08/2019 00:01,07/08/2019 00:01,0.820497905,0.034892387
1876,07/08/2019 00:01,08/08/2019 14:03,0.734413924,0.021021133
1877,09/08/2019 00:00,10/08/2019 00:00,0.945353286,0.091494735
1878,10/08/2019 00:00,11/08/2019 00:00,1.200551951,0.042705985
1879,11/08/2019 00:00,12/08/2019 00:00,1.157398795,0.03210251
1880,12/08/2019 00:00,13/08/2019 00:00,0.762781842,0
1881,13/08/2019 00:00,14/08/2019 00:00,1.105392911,0
1882,14/08/2019 00:00,15/08/2019 00:00,0.991531549,0.03221106
1883,15/08/2019 00:00,16/08/2019 00:00,0.711042697,0.03477084
1884,16/08/2019 00:00,17/08/2019 00:00,1.140647772,0.048915821
1885,17/08/2019 00:00,18/08/2019 00:00,1.391994219,0
1886,18/08/2019 00:00,19/08/2019 00:00,1.700027823,0
1887,19/08/2019 00:00,20/08/2019 00:00,1.566389484,0
1888,20/08/2019 00:00,21/08/2019 00:00,1.600166995,0
1889,21/08/2019 00:00,22/08/2019 00:00,1.391005278,0.033565022
1890,22/08/2019 00:00,23/08/2019 00:00,0.82835248,0.027899934
1891,23/08/2019 00:00,24/08/2019 00:00,1.091804548,0
1892,24/08/2019 00:00,25/08/2019 00:00,0.736000335,0
1893,25/08/2019 00:00,26/08/2019 00:00,0.992874449,0
1894,26/08/2019 00:00,27/08/2019 00:00,1.274757224,0
1895,27/08/2019 00:00,28/08/2019 00:00,1.198643198,0
1896,28/08/2019 00:00,29/08/2019 00:00,2.41238557,0
1897,29/08/2019 00:00,30/08/2019 00:00,1.497350226,0
1898,30/08/2019 00:00,02/09/2019 00:00,1.827448642,0
1899,02/09/2019 00:00,05/09/2019 00:00,0.306464846,0.017160059
1900,05/09/2019 00:00,08/09/2019 00:00,1.323479655,0.053538488
1901,08/09/2019 00:00,11/09/2019 00:00,1.186259683,0.077440617
1902,11/09/2019 00:00,14/09/2019 00:00,1.743371079,0.030466963
1903,14/09/2019 00:00,17/09/2019 00:00,1.735734503,0.063555995
1904,17/09/2019 00:00,20/09/2019 00:00,1.812113519,0.058035331
1905,20/09/2019 00:00,23/09/2019 00:00,1.758433768,0.062994489
1906,23/09/2019 00:00,26/09/2019 00:00,0.848609353,0.065240685
1907,26/09/2019 00:00,29/09/2019 00:00,0.995085303,0.020555243
1908,29/09/2019 00:00,02/10/2019 00:00,1.264533723,0.152315618
1909,02/10/2019 00:00,05/10/2019 00:00,2.069410179,0.028818326
1910,05/10/2019 00:00,08/10/2019 00:00,1.544323853,0.021573233
1911,08/10/2019 00:00,11/10/2019 00:00,1.550436579,0.038282406
1912,11/10/2019 00:00,14/10/2019 00:00,1.369269481,0.042048064
1913,14/10/2019 00:00,17/10/2019 00:00,0.964533295,0.012747556
1914,17/10/2019 00:00,20/10/2019 00:00,1.168006196,0.058192062
1915,20/10/2019 00:00,23/10/2019 00:00,0.711515654,0.059829695
1916,23/10/2019 00:00,26/10/2019 00:00,0.70614521,0.010233816
1917,26/10/2019 00:00,29/10/2019 00:00,1.457221556,0.015229981
1918,29/10/2019 00:00,01/11/2019 00:00,1.842343312,0.017135536
1919,01/11/2019 00:00,04/11/2019 00:00,1.819153537,0.028752233
1920,04/11/2019 00:00,07/11/2019 00:00,1.383765775,0.033737465
1921,07/11/2019 00:00,10/11/2019 00:00,1.16935212,0.011880962
1922,10/11/2019 00:00,13/11/2019 00:00,1.428019732,0
1923,13/11/2019 00:00,16/11/2019 00:00,1.03185556,0.021225017
1924,16/11/2019 00:00,19/11/2019 00:00,1.172278889,0
1925,19/11/2019 00:00,22/11/2019 00:00,1.021914723,0
1926,22/11/2019 00:00,25/11/2019 00:00,0.435032042,0.013120304
1927,25/11/2019 00:00,28/11/2019 00:00,0.738378905,0.021614514
1928,28/11/2019 00:00,01/12/2019 00:00,0.562704055,0.100137039
1929,01/12/2019 00:00,03/12/2019 17:53,1.107804084,0.019673716
1930,04/12/2019 00:00,05/12/2019 00:00,0.808977381,0.125706002
1931,05/12/2019 00:00,06/12/2019 00:00,0.23839979,0.034341996
1932,06/12/2019 00:00,07/12/2019 00:00,0.172142195,0
1933,07/12/2019 00:00,08/12/2019 00:00,0.608985102,0.050871506
1934,08/12/2019 00:00,09/12/2019 00:00,0.905661277,0.044156553
1935,09/12/2019 00:00,10/12/2019 00:00,1.292201202,0
1936,10/12/2019 00:00,11/12/2019 00:00,1.297352535,0.028959197
1937,11/12/2019 00:00,12/12/2019 00:00,1.556244681,0
1938,12/12/2019 00:00,13/12/2019 18:57,2.382894531,0
1939,14/12/2019 00:00,17/12/2019 00:00,0.44165026,0
,,,,