,Value
1991-06-18 17:00:00,110.51
1991-06-18 17:00:00,110.39
1991-06-24 11:30:00,80.92
1991-06-24 11:30:00,81.35
1991-07-21 14:45:00,83.22
1991-07-21 14:45:00,84.35
1991-07-29 15:30:00,82.56
1991-07-29 15:30:00,83.15
1991-08-04 17:40:00,71.93
1991-08-04 17:40:00,72.58
1991-08-11 15:00:00,138.39
1991-08-11 15:00:00,138.73
1991-08-19 14:45:00,117.94
1991-08-19 14:45:00,119.38
1991-08-28 13:15:00,125.45
1991-08-28 13:15:00,125.74
1991-09-02 15:30:00,159.9
1991-09-02 15:30:00,162.11
1991-09-15 16:10:00,142.36
1991-09-15 16:10:00,144.0
1991-09-15 16:10:00,144.26
1991-09-22 16:10:00,124.9
1991-09-22 16:10:00,122.59
1991-09-30 11:45:00,136.21
1991-09-30 11:45:00,136.25
1991-11-30 15:10:00,171.92
1991-11-30 15:10:00,169.49
1991-12-07 14:30:00,138.29
1991-12-07 14:30:00,138.97
1991-12-15 15:50:00,131.13
1991-12-15 15:50:00,128.64
1991-12-23 19:00:00,158.38
1991-12-23 19:00:00,156.29
1991-12-30 13:40:00,144.28
1991-12-30 13:40:00,143.71
1992-01-12 16:10:00,183.49
1992-01-12 16:10:00,186.66
1992-01-23 13:30:00,188.62
1992-01-23 13:30:00,189.22
1992-01-24 14:30:00,159.43
1992-01-24 14:30:00,159.9
1992-02-04 22:00:00,165.26
1992-02-04 22:00:00,165.64
1992-02-16 15:50:00,159.2
1992-02-16 15:50:00,159.06
1992-02-23 15:40:00,193.07
1992-02-23 15:40:00,191.6
1992-03-10 16:30:00,173.2
1992-03-10 16:30:00,173.87
1992-03-22 16:30:00,202.49
1992-03-22 16:30:00,200.5
1992-03-30 17:00:00,177.43
1992-03-30 17:00:00,176.68
1992-04-20 15:30:00,175.32
1992-04-20 15:30:00,176.88
1992-04-25 15:50:00,157.02
1992-04-25 15:50:00,158.47
1992-05-06 15:20:00,162.12
1992-05-06 15:20:00,160.09
1992-05-15 15:15:00,137.58
1992-05-15 15:15:00,136.76
1992-05-25 13:40:00,110.89
1992-05-25 13:40:00,109.53
1992-06-07 17:20:00,102.65
1992-06-07 17:20:00,101.24
1992-06-14 13:55:00,99.65
1992-06-14 13:55:00,100.11
1992-06-21 16:35:00,94.56
1992-06-21 16:35:00,94.83
1992-06-27 14:45:00,78.5
1992-06-27 14:45:00,78.44
1992-07-25 21:25:00,77.05
1992-07-25 21:25:00,79.38
1992-07-28 13:25:00,85.82
1992-07-28 13:25:00,86.12
1992-08-09 15:35:00,81.64
1992-08-09 15:35:00,82.01
1992-08-22 12:26:00,70.81
1992-08-22 12:26:00,70.3
1992-09-04 17:23:00,125.92
1992-09-04 17:23:00,125.93
1992-09-11 11:03:00,100.41
1992-09-11 11:03:00,99.94
1992-10-02 14:00:00,131.67
1992-10-02 14:00:00,129.98
1992-10-10 10:55:00,157.84
1992-10-10 10:55:00,157.53
1992-10-18 10:55:00,131.59
1992-11-01 13:20:00,110.55
1992-11-01 13:20:00,111.59
1992-11-08 13:45:00,102.94
1992-11-08 13:45:00,102.85
1992-11-22 13:50:00,138.74
1992-11-22 13:50:00,139.51
1992-11-29 13:35:00,95.55
1992-11-29 13:35:00,96.72
1993-01-07 15:25:00,132.52
1993-01-07 15:25:00,132.27
1993-02-05 15:00:00,162.98
1993-02-05 15:00:00,165.21
1993-02-14 17:40:00,182.34
1993-02-14 17:40:00,180.03
1993-02-27 14:30:00,176.27
1993-02-27 14:30:00,177.57
1993-03-06 17:05:00,181.02
1993-03-06 17:05:00,182.43
1993-03-15 18:30:00,176.41
1993-03-15 18:30:00,177.21
1993-03-22 13:00:00,162.02
1993-03-22 13:00:00,160.23
1993-05-01 12:20:00,141.44
1993-05-01 12:20:00,139.65
1993-05-10 15:25:00,176.69
1993-05-10 15:25:00,178.7
1993-06-18 14:00:00,123.95
1993-06-18 14:00:00,124.87
1993-06-30 14:00:00,106.66
1993-06-30 14:00:00,105.89
1993-07-12 17:00:00,109.01
1993-07-12 17:00:00,108.48
1993-07-19 14:20:00,107.91
1993-07-19 14:20:00,108.48
1993-07-25 14:50:00,80.64
1993-07-25 14:50:00,79.41
1993-08-02 21:00:00,73.8
1993-08-11 12:40:00,101.5
1993-08-11 12:40:00,101.56
1993-08-27 18:20:00,87.45
1993-08-27 18:20:00,87.05
1993-09-25 15:45:00,135.95
1993-10-17 17:55:00,121.22
1993-10-17 17:55:00,120.68
1993-10-24 16:20:00,160.78
1993-10-24 16:20:00,160.05
1993-11-07 16:02:00,90.35
1993-11-07 16:02:00,90.59
1993-11-24 19:10:00,106.02
1993-11-24 19:10:00,104.85
1993-12-04 15:00:00,163.04
1993-12-04 15:00:00,161.5
1993-12-15 20:45:00,127.17
1993-12-15 20:45:00,126.44
1993-12-20 19:35:00,123.25
1993-12-20 19:35:00,122.62
1993-12-27 14:40:00,149.46
1993-12-27 14:40:00,149.87
1994-01-08 18:30:00,145.95
1994-01-08 18:30:00,146.67
1994-01-16 17:15:00,162.47
1994-01-16 17:15:00,161.53
1994-01-24 19:20:00,154.26
1994-01-31 21:05:00,124.21
1994-01-31 21:05:00,124.0
1994-02-07 18:20:00,144.75
1994-02-07 18:20:00,143.96
1994-02-16 17:05:00,169.62
1994-02-16 17:05:00,168.7
1994-02-28 22:15:00,172.79
1994-02-28 22:15:00,175.61
1994-03-01 13:35:00,171.29
1994-03-17 20:30:00,178.38
1994-03-17 20:30:00,178.26
1994-03-21 19:45:00,177.57
1994-03-21 19:45:00,177.72
1994-03-28 17:35:00,181.32
1994-03-28 17:35:00,180.67
1994-04-11 18:40:00,154.29
1994-04-11 18:40:00,153.08
1994-04-18 13:50:00,134.3
1994-04-18 13:50:00,135.08
1994-04-26 12:50:00,158.71
1994-04-26 12:50:00,159.01
1994-05-07 17:10:00,165.43
1994-05-07 17:10:00,164.8
1994-05-23 18:40:00,119.76
1994-05-23 18:40:00,119.59
1994-06-02 14:05:00,103.19
1994-06-02 14:05:00,104.03
1994-06-12 20:10:00,138.06
1994-06-12 20:10:00,136.98
1994-06-21 19:45:00,84.83
1994-06-21 19:45:00,84.71
1994-06-27 19:50:00,115.85
1994-06-27 19:50:00,116.26
1994-07-08 15:00:00,85.47
1994-07-13 13:05:00,93.03
1994-07-13 13:05:00,92.97
1994-07-16 10:15:00,91.28
1994-07-16 10:15:00,91.31
1994-08-03 16:55:00,83.6
1994-08-03 16:55:00,85.36
1994-08-08 17:40:00,78.53
1994-08-08 17:40:00,75.85
1994-08-27 13:50:00,77.86
1994-08-27 13:50:00,78.35
1994-08-29 19:35:00,97.05
1994-08-29 19:35:00,96.81
1994-09-05 20:00:00,79.54
1994-09-05 20:00:00,79.46
1994-09-18 21:00:00,113.22
1994-09-18 21:00:00,111.81
1994-09-30 22:00:00,130.08
1994-09-30 22:00:00,129.36
1994-10-11 17:45:00,121.02
1994-10-11 17:45:00,120.81
1994-10-16 12:30:00,132.89
1994-10-16 12:30:00,131.76
1994-10-27 14:30:00,90.91
1994-10-27 14:30:00,90.0
1994-11-27 18:15:00,151.43
1994-11-27 18:15:00,150.29
1994-12-05 15:35:00,152.57
1994-12-05 15:35:00,152.04
1994-12-19 16:30:00,157.34
1994-12-19 16:30:00,156.43
1994-12-26 12:50:00,195.85
1994-12-26 12:50:00,194.68
1994-12-31 14:35:00,150.73
1994-12-31 14:35:00,150.21
1995-01-09 16:00:00,181.02
1995-01-09 16:00:00,181.28
1995-01-21 12:35:00,154.68
1995-01-21 12:35:00,153.93
1995-01-31 21:10:00,158.64
1995-01-31 21:10:00,158.96
1995-02-12 13:05:00,150.7
1995-02-12 13:05:00,149.58
1995-02-22 21:00:00,189.23
1995-02-22 21:00:00,190.72
1995-02-26 15:15:00,175.48
1995-02-26 15:15:00,177.23
1995-03-05 21:50:00,129.73
1995-03-05 21:50:00,130.06
1995-03-16 20:10:00,173.4
1995-03-16 20:10:00,170.84
1995-03-19 11:50:00,196.16
1995-03-19 11:50:00,195.02
1995-03-26 13:40:00,173.17
1995-03-26 13:40:00,173.13
1995-03-31 13:40:00,155.97
1995-03-31 13:40:00,155.39
1995-04-24 20:20:00,130.81
1995-04-24 20:20:00,130.95
1995-05-02 13:45:00,133.81
1995-05-02 13:45:00,134.42
1995-05-07 21:05:00,177.98
1995-05-07 21:05:00,177.63
1995-05-13 13:30:00,130.67
1995-05-13 13:30:00,129.21
1995-05-27 22:10:00,101.75
1995-05-27 22:10:00,104.42
1995-06-08 14:30:00,99.82
1995-06-08 14:30:00,98.79
1995-06-20 20:30:00,90.66
1995-06-20 20:30:00,92.67
1995-07-26 17:32:00,104.68
1995-07-26 17:32:00,105.06
1995-09-05 17:21:00,80.1
1995-09-05 17:21:00,81.65
1995-10-15 13:35:00,136.0
1995-10-15 13:35:00,137.39
1995-10-29 14:10:00,104.11
1995-10-29 14:10:00,104.52
1995-11-05 15:20:00,126.34
1995-11-05 15:20:00,126.05
1995-11-08 16:56:00,114.6
1995-11-08 16:56:00,114.03
1995-11-15 20:22:00,111.16
1995-11-15 20:22:00,108.44
1995-11-26 19:58:00,146.77
1995-11-26 19:58:00,146.4
1995-11-28 17:48:00,126.04
1995-11-28 17:48:00,124.71
1995-12-07 19:28:00,107.47
1995-12-07 19:28:00,106.69
1995-12-31 15:20:00,145.9
1995-12-31 15:20:00,145.4
1996-01-02 18:53:00,103.43
1996-01-02 18:53:00,104.86
1996-01-09 19:15:00,140.64
1996-01-09 19:15:00,140.46
1996-02-01 18:23:00,135.51
1996-02-01 18:23:00,133.62
1996-02-11 18:25:00,170.22
1996-02-11 18:25:00,169.35
1996-02-26 19:49:00,165.44
1996-02-26 19:49:00,164.43
1996-03-07 17:13:00,117.95
1996-03-07 17:13:00,117.47
1996-03-14 18:20:00,147.93
1996-03-14 18:20:00,148.49
1996-03-19 16:45:00,136.1
1996-03-19 16:45:00,135.65
1996-04-03 19:54:00,168.69
1996-04-03 19:54:00,169.66
1996-04-21 15:25:00,157.77
1996-04-21 15:25:00,158.46
1996-04-23 19:17:00,137.9
1996-04-23 19:17:00,137.7
1996-05-12 15:57:00,135.95
1996-05-12 15:57:00,133.63
1996-05-21 14:20:00,167.99
1996-05-21 14:20:00,166.72
1996-06-18 15:15:00,101.74
1996-06-18 15:15:00,102.99
1996-06-24 15:15:00,88.05
1996-06-24 15:15:00,88.63
1996-07-01 19:00:00,98.55
1996-07-01 19:00:00,100.68
1996-07-09 19:04:00,81.71
1996-07-09 19:04:00,82.0
1996-07-22 14:53:00,72.06
1996-07-22 14:53:00,70.3
1996-07-23 17:21:00,80.59
1996-07-23 17:21:00,80.61
1996-07-31 16:28:00,121.29
1996-07-31 16:28:00,121.5
1996-08-05 16:43:00,76.95
1996-08-05 16:43:00,77.8
1996-08-13 17:06:00,70.57
1996-08-13 17:06:00,71.25
1996-08-19 14:08:00,83.88
1996-08-19 14:08:00,84.14
1996-09-01 19:15:00,87.49
1996-09-01 19:15:00,85.09
1996-09-13 17:10:00,95.74
1996-09-13 17:10:00,93.95
1996-09-16 14:15:00,113.59
1996-09-16 14:15:00,113.27
1996-10-02 20:04:00,129.94
1996-10-02 20:04:00,131.5
1996-10-11 14:15:00,75.51
1996-10-11 14:15:00,75.55
1996-10-21 15:54:00,134.65
1996-10-21 15:54:00,137.39
1996-11-03 15:06:00,104.64
1996-11-03 15:06:00,105.39
1996-11-13 16:30:00,146.13
1996-11-17 19:05:00,130.12
1996-11-17 19:05:00,131.03
1997-02-20 16:15:00,156.73
1997-02-20 16:15:00,159.32
1997-03-04 17:05:00,122.31
1997-03-04 17:05:00,123.5
1997-03-12 16:15:00,189.6
1997-03-12 16:15:00,190.74
1997-03-20 14:00:00,149.42
1997-03-20 14:00:00,149.54
1997-03-26 13:35:00,163.19
1997-03-26 13:35:00,165.01
1997-04-16 16:00:00,186.09
1997-04-16 16:00:00,188.51
1997-04-20 13:50:00,175.34
1997-04-20 13:50:00,175.1
1997-04-27 16:40:00,163.73
1997-04-27 16:40:00,166.67
1997-06-05 15:25:00,123.0
1997-06-05 15:25:00,125.57
1997-06-14 13:15:00,105.48
1997-06-14 13:15:00,106.88
1997-08-08 13:30:00,71.62
1997-08-08 13:30:00,72.17
1997-08-28 14:55:00,70.71
1997-08-28 14:55:00,73.47
1997-10-15 15:30:00,116.44
1997-10-15 15:30:00,118.27
1997-11-02 21:10:00,109.81
1997-11-02 21:10:00,111.8
1997-11-11 19:00:00,149.38
1997-11-11 19:00:00,148.59
1997-11-16 16:50:00,155.65
1997-11-16 16:50:00,154.54
1997-11-27 14:25:00,128.54
1997-11-27 14:25:00,128.14
1997-12-03 21:30:00,141.93
1997-12-03 21:30:00,140.02
1997-12-07 18:15:00,141.03
1997-12-07 18:15:00,142.18
1997-12-18 15:45:00,135.4
1997-12-18 15:45:00,134.21
1997-12-31 16:15:00,144.92
1997-12-31 16:15:00,146.14
1998-01-09 18:20:00,124.59
1998-01-09 18:20:00,124.01
1998-01-14 19:40:00,156.87
1998-01-22 20:18:00,190.24
1998-01-22 20:18:00,189.24
1998-01-30 21:25:00,154.54
1998-01-30 21:25:00,155.13
1998-02-05 17:45:00,158.52
1998-02-05 17:45:00,158.69
1998-02-11 18:10:00,157.45
1998-02-11 18:10:00,157.11
1998-02-20 16:05:00,168.52
1998-02-20 16:05:00,169.91
1998-02-28 18:25:00,190.12
1998-02-28 18:25:00,192.69
1998-03-04 21:10:00,178.6
1998-03-04 21:10:00,179.75
1998-03-13 16:35:00,173.62
1998-03-13 16:35:00,172.28
1998-03-22 20:00:00,194.99
1998-03-22 20:00:00,194.73
1998-03-28 18:45:00,183.29
1998-03-28 18:45:00,184.9
1998-04-02 14:35:00,157.39
1998-04-02 14:35:00,156.78
1998-04-09 18:50:00,160.29
1998-04-09 18:50:00,161.75
1998-04-13 15:30:00,157.16
1998-04-13 15:30:00,157.34
1998-04-21 14:00:00,133.31
1998-04-21 14:00:00,133.02
1998-04-29 15:05:00,169.65
1998-04-29 15:05:00,169.9
1998-05-06 15:10:00,157.97
1998-05-06 15:10:00,157.42
1998-05-10 17:05:00,175.76
1998-05-10 17:05:00,174.78
1998-05-19 15:05:00,158.1
1998-05-19 15:05:00,160.66
1998-05-26 16:55:00,189.58
1998-05-26 16:55:00,191.02
1998-06-02 19:55:00,130.81
1998-06-02 19:55:00,131.22
1998-06-09 15:35:00,140.27
1998-06-09 15:35:00,140.15
1998-06-16 15:30:00,99.49
1998-06-16 15:30:00,98.81
1998-06-25 16:40:00,145.31
1998-06-25 16:40:00,144.58
1998-06-30 15:30:00,149.62
1998-06-30 15:30:00,150.14
1998-07-16 19:35:00,110.23
1998-07-16 19:35:00,108.1
1998-07-21 15:25:00,78.76
1998-07-21 15:25:00,78.87
1998-07-28 15:00:00,81.24
1998-07-28 15:00:00,82.31
1998-08-04 16:15:00,98.28
1998-11-17 14:00:00,110.18
1998-11-17 14:00:00,109.56
1998-12-03 17:00:00,146.14
1998-12-03 17:00:00,145.15
1998-12-08 16:00:00,149.67
1998-12-08 16:00:00,150.22
1998-12-15 14:45:00,164.84
1998-12-15 14:45:00,164.37
1999-01-15 14:25:00,126.76
1999-01-15 14:25:00,128.59
1999-01-21 13:40:00,191.27
1999-01-21 13:40:00,192.06
1999-02-08 18:35:00,153.47
1999-02-08 18:35:00,153.26
1999-02-18 18:25:00,156.47
1999-02-18 18:25:00,156.89
1999-02-25 17:10:00,173.4
1999-02-25 17:10:00,172.87
1999-03-17 21:38:00,154.08
1999-03-17 21:38:00,155.0
1999-03-22 17:20:00,160.42
1999-03-22 17:20:00,160.29
1999-04-01 17:05:00,175.01
1999-04-01 17:05:00,173.87
1999-04-07 14:47:00,173.89
1999-04-07 14:47:00,173.93
1999-04-15 16:18:00,169.48
1999-04-15 16:18:00,169.27
1999-04-22 14:40:00,167.25
1999-04-22 14:40:00,166.39
1999-04-27 15:38:00,152.85
1999-04-27 15:38:00,153.81
1999-05-04 16:08:00,112.7
1999-05-04 16:08:00,112.66
1999-05-11 17:21:00,125.52
1999-05-11 17:21:00,125.95
1999-05-19 16:15:00,123.03
1999-05-19 16:15:00,123.01
1999-05-26 19:11:00,91.43
1999-05-26 19:11:00,92.58
1999-06-04 15:56:00,140.84
1999-06-04 15:56:00,140.33
1999-06-08 14:51:00,123.79
1999-06-08 14:51:00,121.17
1999-06-15 15:23:00,104.43
1999-06-15 15:23:00,106.7
1999-06-25 16:53:00,84.06
1999-06-25 16:53:00,83.39
1999-07-05 15:20:00,72.74
1999-07-05 15:20:00,72.12
1999-07-12 18:47:00,81.91
1999-07-12 18:47:00,80.31
1999-07-20 16:12:00,79.35
1999-07-20 16:12:00,78.66
1999-07-27 15:50:00,73.91
1999-07-27 15:50:00,73.14
1999-08-02 15:16:00,75.19
1999-08-02 15:16:00,75.96
1999-08-16 19:27:00,79.14
1999-08-16 19:27:00,80.99
1999-08-23 18:32:00,70.7
1999-08-23 18:32:00,70.76
1999-09-07 17:49:00,119.94
1999-09-07 17:49:00,120.7
1999-09-22 19:18:00,88.12
1999-09-22 19:18:00,88.65
1999-09-28 18:00:00,108.94
1999-09-28 18:00:00,106.96
1999-10-18 15:52:00,89.23
1999-10-18 15:52:00,87.19
1999-10-25 17:40:00,122.7
1999-10-25 17:40:00,122.27
1999-11-01 16:26:00,134.59
1999-11-01 16:26:00,135.29
1999-11-10 17:00:00,128.45
1999-11-10 17:00:00,127.08
1999-11-15 14:53:00,117.58
1999-11-29 17:20:00,155.93
1999-11-29 17:20:00,155.61
1999-12-06 16:53:00,171.58
1999-12-06 16:53:00,173.62
1999-12-13 15:15:00,152.27
1999-12-13 15:15:00,152.19
1999-12-20 17:27:00,102.75
1999-12-20 17:27:00,102.72
2000-01-13 15:30:00,137.55
2000-01-13 15:30:00,135.79
2000-01-20 18:02:00,161.61
2000-01-20 18:02:00,162.45
2000-01-24 18:15:00,135.58
2000-01-28 15:00:00,157.57
2000-01-28 15:00:00,157.57
2000-02-03 14:48:00,155.74
2000-02-03 14:48:00,155.47
2000-02-09 17:55:00,175.52
2000-02-09 17:55:00,173.9
2000-02-18 15:58:00,201.38
2000-02-18 15:58:00,200.14
2000-02-24 13:55:00,153.69
2000-02-24 13:55:00,155.13
2000-03-02 14:02:00,162.5
2000-03-02 14:02:00,161.81
2000-03-06 15:37:00,193.19
2000-03-06 15:37:00,193.18
2000-03-14 15:44:00,165.25
2000-03-14 15:44:00,164.73
2000-03-24 17:00:00,149.25
2000-03-24 17:00:00,150.73
2000-04-06 20:48:00,159.44
2000-04-06 20:48:00,158.72
2000-04-14 14:30:00,153.23
2000-04-14 14:30:00,153.41
2000-04-20 14:55:00,145.12
2000-04-20 14:55:00,146.42
2000-04-28 14:10:00,131.28
2000-04-28 14:10:00,130.61
2000-05-05 14:53:00,163.94
2000-05-05 14:53:00,162.37
2000-05-12 13:50:00,154.31
2000-05-12 13:50:00,156.87
2000-05-17 14:08:00,156.05
2000-05-29 13:42:00,96.93
2000-05-29 13:42:00,96.23
2000-06-04 17:15:00,118.5
2000-06-04 17:15:00,118.81
2000-06-13 21:00:00,114.1
2000-06-13 21:00:00,114.0
2000-07-12 14:14:00,103.4
2000-07-12 14:14:00,104.27
2000-07-20 15:45:00,68.67
2000-07-20 15:45:00,68.39
2000-08-01 14:10:00,81.46
2000-08-01 14:10:00,81.42
2000-08-09 15:22:00,83.89
2000-08-09 15:22:00,84.22
2000-09-01 14:00:00,113.73
2000-09-01 14:00:00,113.54
2000-09-08 12:53:00,95.02
2000-09-08 12:53:00,97.22
2000-09-13 16:24:00,104.79
2000-09-13 16:24:00,102.62
2000-09-26 14:25:00,75.28
2000-09-26 14:25:00,74.26
2000-10-04 13:45:00,105.1
2000-10-04 13:45:00,105.09
2000-10-12 14:16:00,121.61
2000-10-12 14:16:00,121.04
2000-10-19 14:00:00,90.28
2000-10-19 14:00:00,90.63
2000-10-25 13:50:00,119.33
2000-10-25 13:50:00,120.72
2000-11-01 13:10:00,121.15
2000-11-01 13:10:00,122.08
2000-11-10 14:05:00,97.27
2000-11-10 14:05:00,96.84
2000-11-17 15:35:00,115.76
2000-11-17 15:35:00,117.4
2000-11-24 16:40:00,136.41
2000-11-24 16:40:00,135.9
2000-11-29 18:30:00,135.72
2000-11-29 18:30:00,136.3
2000-12-08 13:37:00,140.02
2000-12-08 13:37:00,139.74
2000-12-19 14:25:00,101.49
2000-12-19 14:25:00,100.67
2000-12-30 15:53:00,157.84
2000-12-30 15:53:00,158.22
2001-01-03 17:38:00,138.96
2001-01-03 17:38:00,139.16
2001-01-14 19:55:00,157.3
2001-01-14 19:55:00,155.34
2001-01-20 20:30:00,119.78
2001-01-20 20:30:00,119.87
2001-01-25 16:40:00,136.81
2001-01-25 16:40:00,136.45
2001-02-04 15:16:00,170.9
2001-02-04 15:16:00,172.41
2001-02-08 19:29:00,155.37
2001-02-08 19:29:00,155.67
2001-02-15 19:20:00,112.69
2001-02-15 19:20:00,113.45
2001-03-02 17:30:00,170.64
2001-03-09 21:12:00,140.26
2001-03-09 21:12:00,140.08
2001-03-22 18:05:00,159.44
2001-03-22 18:05:00,160.44
2001-03-29 13:45:00,171.4
2001-03-29 13:45:00,171.74
2001-04-05 13:30:00,160.02
2001-04-05 13:30:00,157.5
2001-04-12 19:15:00,156.65
2001-04-12 19:15:00,155.45
2001-04-22 01:49:00,171.61
2001-04-22 01:49:00,170.46
2001-04-25 12:25:00,133.72
2001-04-25 12:25:00,134.11
2001-05-03 12:34:56,170.08
2001-05-03 12:34:56,169.18
2001-05-11 15:20:00,136.39
2001-05-11 15:20:00,136.86
2001-05-19 20:30:00,128.58
2001-05-19 20:30:00,128.22
2001-05-25 14:40:00,97.77
2001-05-25 14:40:00,97.8
2001-05-31 19:20:00,124.85
2001-05-31 19:20:00,123.87
2001-06-07 15:40:00,84.45
2001-06-07 15:40:00,83.67
2001-06-16 14:53:00,107.0
2001-06-16 14:53:00,106.21
2001-06-24 18:25:00,96.77
2001-06-24 18:25:00,96.29
2001-07-01 16:20:00,109.44
2001-07-01 16:20:00,109.1
2001-07-12 20:00:00,85.29
2001-07-25 18:42:00,71.52
2001-07-31 18:23:00,62.04
2001-07-31 18:23:00,63.13
2001-08-18 15:40:00,67.26
2001-08-18 15:40:00,66.01
2001-08-26 19:52:00,93.46
2001-08-26 19:52:00,94.02
2001-09-02 18:25:00,62.19
2001-09-02 18:25:00,61.41
2001-09-10 13:30:00,82.49
2001-09-10 13:30:00,81.55
2001-09-19 15:55:00,101.88
2001-09-19 15:55:00,101.79
2001-09-27 16:00:00,66.04
2001-09-27 16:00:00,66.16
2001-10-04 13:35:00,115.26
2001-10-04 13:35:00,114.7
2001-11-01 19:44:00,124.39
2001-11-01 19:44:00,122.89
2001-11-08 12:34:56,140.55
2001-11-08 12:34:56,138.89
2001-11-14 18:28:00,122.84
2001-11-14 18:28:00,123.08
2001-11-23 18:15:00,125.16
2001-11-23 18:15:00,123.06
2001-11-26 15:45:00,122.45
2001-11-26 15:45:00,123.66
2001-12-04 15:55:00,100.21
2001-12-04 15:55:00,99.53
2001-12-13 17:45:00,98.21
2001-12-13 17:45:00,99.66
2001-12-20 13:05:00,138.77
2001-12-20 13:05:00,137.54
2001-12-24 15:55:00,126.78
2002-01-09 19:10:00,132.88
2002-01-09 19:10:00,133.56
2002-01-17 17:45:00,151.02
2002-01-17 17:45:00,152.01
2002-01-23 17:40:00,164.93
2002-01-23 17:40:00,166.08
2002-01-28 17:20:00,148.85
2002-01-28 17:20:00,150.61
2002-02-26 17:22:00,154.5
2002-02-26 17:22:00,155.43
2002-04-04 17:14:00,116.23
2002-04-04 17:14:00,115.96
2002-04-16 16:59:00,111.98
2002-04-16 16:59:00,112.69
2002-04-23 16:00:00,99.52
2002-04-23 16:00:00,98.46
2002-05-06 20:50:00,148.52
2002-05-06 20:50:00,148.81
2002-05-13 19:00:00,120.86
2002-05-13 19:00:00,119.1
2002-06-05 18:52:00,128.98
2002-06-05 18:52:00,127.94
2002-06-28 13:20:00,81.18
2002-07-04 19:50:00,80.66
2002-07-10 16:50:00,73.23
2002-07-10 16:50:00,74.51
2002-07-18 18:20:00,120.92
2002-07-18 18:20:00,121.01
2002-07-25 17:55:00,87.18
2002-07-25 17:55:00,84.58
2002-07-30 16:45:00,96.33
2002-07-30 16:45:00,95.57
2002-08-07 17:35:00,93.95
2002-08-07 17:35:00,94.1
2002-08-14 17:55:00,69.11
2002-08-14 17:55:00,69.05
2002-08-21 17:23:00,88.37
2002-08-21 17:23:00,87.71
2002-08-27 17:20:00,68.45
2002-08-27 17:20:00,68.62
2002-09-04 16:38:00,78.97
2002-09-04 16:38:00,79.4
2002-09-11 16:32:00,69.07
2002-09-11 16:32:00,68.89
2002-09-18 16:55:00,79.68
2002-09-18 16:55:00,81.67
2002-10-02 17:10:00,99.21
2002-10-02 17:10:00,101.14
2002-10-10 17:09:00,111.97
2002-10-10 17:09:00,112.53
2002-10-17 16:50:00,69.07
2002-10-17 16:50:00,68.19
2002-11-21 17:35:00,125.35
2002-11-21 17:35:00,126.63
2002-12-05 17:25:00,147.87
2002-12-05 17:25:00,150.75
2002-12-13 17:00:00,150.59
2002-12-13 17:00:00,150.16
2002-12-20 17:40:00,142.79
2002-12-20 17:40:00,142.56
2003-01-08 17:08:00,149.76
2003-01-08 17:08:00,148.69
2003-01-17 15:50:00,153.9
2003-01-17 15:50:00,152.81
2003-02-28 19:05:00,126.44
2003-02-28 19:05:00,128.02
2003-03-13 15:45:00,143.84
2003-03-13 15:45:00,144.04
2003-03-19 15:25:00,118.17
2003-03-21 15:30:00,162.26
2003-03-21 15:30:00,161.13
2003-04-02 15:20:00,165.86
2003-04-02 15:20:00,166.26
2003-04-22 16:30:00,148.63
2003-04-22 16:30:00,147.43
2003-05-08 16:35:00,134.64
2003-05-08 16:35:00,132.91
2003-05-13 14:25:00,106.75
2003-05-13 14:25:00,106.3
2003-06-05 13:55:00,109.33
2003-06-05 13:55:00,110.71
2003-06-12 14:50:00,96.15
2003-06-12 14:50:00,96.62
2003-06-20 17:35:00,80.44
2003-06-20 17:35:00,80.72
2003-07-01 17:00:00,129.04
2003-07-08 17:05:00,76.95
2003-07-08 17:05:00,77.09
2003-08-19 13:55:00,75.11
2003-08-19 13:55:00,75.3
2003-08-28 14:45:00,132.19
2003-08-28 14:45:00,131.28
2003-10-23 18:30:00,136.61
2003-10-23 18:30:00,135.8
2003-11-07 15:30:00,123.31
2003-11-07 15:30:00,123.86
2003-11-13 17:35:00,104.63
2003-12-02 18:55:00,155.92
2003-12-02 18:55:00,156.06
2003-12-12 15:15:00,147.14
2003-12-12 15:15:00,147.97
2004-01-09 15:30:00,142.8
2004-01-09 15:30:00,142.56
2004-01-15 15:00:00,138.44
2004-01-15 15:00:00,137.64
2004-01-29 18:00:00,153.03
2004-01-29 18:00:00,153.87
2004-02-11 18:30:00,148.1
2004-02-11 18:30:00,148.39
2004-02-20 17:00:00,181.8
2004-02-20 17:00:00,181.54
2004-03-04 17:40:00,175.81
2004-03-04 17:40:00,176.58
2004-03-09 14:50:00,183.75
2004-03-09 14:50:00,183.22
2004-03-18 15:40:00,165.73
2004-03-18 15:40:00,166.1
2004-03-22 16:05:00,142.09
2004-03-22 16:05:00,140.07
2004-04-06 13:55:00,157.76
2004-04-06 13:55:00,159.05
2004-04-16 13:55:00,183.91
2004-04-16 13:55:00,183.13
2004-04-28 14:19:00,134.69
2004-04-28 14:19:00,134.76
2004-05-04 13:40:00,134.57
2004-05-04 13:40:00,134.0
2004-05-20 14:00:00,119.47
2004-05-20 14:00:00,119.31
2004-05-27 14:45:00,111.4
2004-05-27 14:45:00,111.56
2004-06-02 14:50:00,99.53
2004-06-02 14:50:00,100.46
2004-06-10 13:25:00,76.35
2004-06-10 13:25:00,76.77
2004-06-18 15:05:00,101.53
2004-06-18 15:05:00,100.19
2004-06-24 17:30:00,88.11
2004-06-24 17:30:00,87.8
2004-07-08 14:20:00,132.61
2004-07-08 14:20:00,132.07
2004-08-05 14:05:00,72.48
2004-08-05 14:05:00,72.19
2004-08-12 14:20:00,105.71
2004-08-19 14:00:00,77.7
2004-08-19 14:00:00,76.4
2004-08-25 14:00:00,84.62
2004-08-25 14:00:00,84.92
2004-09-29 16:00:00,93.75
2004-09-29 16:00:00,93.58
2004-10-05 14:10:00,111.78
2004-10-05 14:10:00,112.27
2004-10-14 15:40:00,115.9
2004-10-14 15:40:00,114.54
2004-11-17 18:10:00,119.41
2004-11-17 18:10:00,119.68
2004-12-03 16:15:00,115.3
2004-12-03 16:15:00,114.59
2004-12-09 16:45:00,112.17
2004-12-09 16:45:00,111.59
2004-12-14 15:20:00,137.06
2004-12-14 15:20:00,136.94
2004-12-30 15:45:00,124.11
2004-12-30 15:45:00,122.98
2005-01-07 15:20:00,120.94
2005-01-07 15:20:00,121.77
2005-01-20 14:50:00,140.02
2005-01-20 14:50:00,139.48
2005-01-27 15:45:00,138.48
2005-01-27 15:45:00,140.61
2005-02-09 19:00:00,142.64
2005-02-09 19:00:00,142.0
2005-02-17 16:00:00,140.66
2005-02-17 16:00:00,140.93
2005-02-24 19:05:00,157.78
2005-02-24 19:05:00,158.85
2005-03-08 16:45:00,156.06
2005-03-08 16:45:00,155.45
2005-03-14 17:20:00,150.74
2005-03-14 17:20:00,149.56
2005-03-22 16:55:00,197.19
2005-03-22 16:55:00,195.86
2005-04-05 17:55:00,170.1
2005-04-05 17:55:00,168.18
2005-04-12 14:55:00,164.97
2005-04-12 14:55:00,165.87
2005-04-26 16:40:00,152.81
2005-04-26 16:40:00,153.59
2005-05-03 16:50:00,130.54
2005-05-03 16:50:00,129.57
2005-05-27 16:25:00,133.81
2005-05-27 16:25:00,133.73
2005-06-15 16:10:00,77.3
2005-06-15 16:10:00,77.19
2005-06-23 15:15:00,106.61
2005-06-23 15:15:00,105.94
2005-07-07 14:00:00,105.27
2005-07-07 14:00:00,105.14
2005-07-19 13:00:00,77.63
2005-07-19 13:00:00,78.12
2005-08-17 14:15:00,89.83
2005-08-17 14:15:00,89.14
2005-09-30 16:50:00,90.33
2005-09-30 16:50:00,92.23
2005-10-14 14:30:00,83.8
2005-10-14 14:30:00,83.28
2005-10-19 14:15:00,117.05
2005-10-19 14:15:00,117.28
2005-10-27 13:35:00,119.02
2005-10-27 13:35:00,118.95
2005-11-18 14:45:00,108.87
2005-11-18 14:45:00,108.96
2005-11-24 15:05:00,125.49
2005-11-24 15:05:00,125.3
2005-12-01 17:50:00,112.51
2005-12-01 17:50:00,112.96
2005-12-08 16:05:00,135.54
2005-12-08 16:05:00,135.63
2005-12-15 16:20:00,147.31
2005-12-15 16:20:00,147.01
2005-12-21 13:40:00,137.98
2005-12-21 13:40:00,137.92
2006-01-06 17:20:00,134.99
2006-01-06 17:20:00,135.26
2006-01-13 13:23:00,109.67
2006-01-13 13:23:00,109.58
2006-01-20 13:25:00,178.69
2006-01-20 13:25:00,172.55
2006-02-03 12:50:00,168.31
2006-02-03 12:50:00,160.76
2006-02-09 16:27:00,153.03
2006-02-09 16:27:00,152.71
2006-02-22 19:16:00,155.45
2006-02-22 19:16:00,155.71
2006-03-01 16:50:00,157.92
2006-03-01 16:50:00,158.01
2006-03-09 16:10:00,144.5
2006-03-09 16:10:00,144.33
2006-03-16 15:10:00,156.59
2006-03-16 15:10:00,156.61
2006-03-23 15:50:00,161.86
2006-03-23 15:50:00,162.59
2006-03-28 14:15:00,146.23
2006-03-28 14:15:00,145.22
2006-04-03 14:00:00,134.83
2006-04-03 14:00:00,134.39
2006-04-21 15:50:00,141.33
2006-04-26 13:05:00,127.09
2006-04-26 13:05:00,127.11
2006-05-04 13:50:00,152.33
2006-05-04 13:50:00,152.8
2006-05-11 13:15:00,131.86
2006-05-11 13:15:00,132.8
2006-05-19 14:55:00,120.71
2006-05-19 14:55:00,120.21
2006-05-26 14:40:00,135.58
2006-05-26 14:40:00,133.32
2006-06-08 13:25:00,107.35
2006-06-08 13:25:00,107.3
2006-06-14 14:00:00,87.56
2006-06-14 14:00:00,87.29
2006-06-30 19:05:00,82.79
2006-06-30 19:05:00,83.11
2006-07-06 18:25:00,75.02
2006-07-06 18:25:00,72.65
2006-07-14 16:25:00,75.08
2006-07-14 16:25:00,74.97
2006-07-28 15:15:00,77.46
2006-07-28 15:15:00,77.99
2006-08-04 17:25:00,84.53
2006-08-04 17:25:00,86.04
2006-08-11 15:00:00,104.94
2006-08-11 15:00:00,105.35
2006-08-21 14:25:00,67.35
2006-08-21 14:25:00,69.31
2006-08-25 17:50:00,73.34
2006-08-25 17:50:00,73.98
2006-09-01 18:15:00,65.85
2006-09-01 18:15:00,66.12
2006-09-28 15:40:00,84.86
2006-09-28 15:40:00,85.66
2006-10-12 14:32:00,74.83
2006-10-12 14:32:00,77.18
2006-10-21 14:35:00,93.8
2006-10-21 14:35:00,93.82
2006-11-24 17:58:00,133.8
2006-11-24 17:58:00,134.48
2006-12-04 16:53:00,105.9
2006-12-04 16:53:00,104.85
2006-12-12 14:38:00,126.68
2006-12-19 18:30:00,132.03
2006-12-19 18:30:00,132.09
2006-12-26 17:53:00,100.42
2006-12-26 17:53:00,99.57
2007-01-17 19:47:00,135.47
2007-01-17 19:47:00,135.87
2007-01-23 18:20:00,123.0
2007-01-23 18:20:00,123.43
2007-01-30 16:25:00,147.2
2007-01-30 16:25:00,147.38
2007-02-08 17:15:00,158.59
2007-02-08 17:15:00,158.53
2007-02-27 14:21:00,141.87
2007-02-27 14:21:00,142.24
2007-03-06 16:45:00,149.44
2007-03-06 16:45:00,149.08
2007-04-04 16:00:00,155.6
2007-04-04 16:00:00,154.78
2007-04-09 16:00:00,164.75
2007-04-09 16:00:00,165.14
2007-04-30 14:10:00,165.3
2007-04-30 14:10:00,165.26
2007-05-21 16:42:00,153.29
2007-05-21 16:42:00,152.62
2007-06-05 14:17:00,97.52
2007-06-05 14:17:00,97.62
2007-06-11 13:48:00,123.74
2007-06-11 13:48:00,124.14
2007-06-19 15:29:00,122.53
2007-06-19 15:29:00,122.96
2007-07-11 16:53:00,75.12
2007-07-11 16:53:00,77.24
2007-07-31 16:13:00,72.45
2007-07-31 16:13:00,72.36
2007-08-07 17:07:00,69.4
2007-08-07 17:07:00,68.26
2007-08-14 15:18:00,106.51
2007-08-14 15:18:00,106.44
2007-09-01 14:10:00,80.87
2007-09-01 14:10:00,80.49
2007-10-08 14:12:00,89.56
2007-10-08 14:12:00,90.16
2007-11-12 17:14:00,121.9
2007-11-12 17:14:00,122.12
2007-11-19 16:48:00,115.91
2007-11-19 16:48:00,115.83
2007-12-03 17:13:00,114.32
2007-12-03 17:13:00,114.54
2007-12-11 14:40:00,124.47
2007-12-11 14:40:00,124.76
2007-12-31 13:35:00,103.75
2007-12-31 13:35:00,103.54
2008-01-14 16:40:00,102.16
2008-01-14 16:40:00,100.67
2008-01-28 16:48:00,152.6
2008-01-28 16:48:00,152.5
2008-02-04 16:52:00,135.34
2008-02-04 16:52:00,134.81
2008-02-11 15:30:00,142.02
2008-02-11 15:30:00,140.24
2008-02-28 14:38:00,153.12
2008-02-28 14:38:00,154.02
2008-03-20 13:08:00,146.02
2008-03-20 13:08:00,145.17
2008-04-03 13:06:00,137.78
2008-04-03 13:06:00,137.46
2008-04-07 15:00:00,126.77
2008-04-07 15:00:00,126.21
2008-04-14 15:40:00,119.8
2008-04-14 15:40:00,120.0
2008-04-29 14:20:00,132.26
2008-04-29 14:20:00,131.96
2008-05-06 13:09:00,140.85
2008-05-06 13:09:00,140.66
2008-05-12 13:42:00,114.56
2008-05-12 13:42:00,115.16
2008-05-19 13:35:00,123.41
2008-05-19 13:35:00,122.96
2008-06-02 13:09:00,105.11
2008-06-02 13:09:00,104.56
2008-06-19 12:57:00,85.84
2008-06-19 12:57:00,85.93
2008-06-25 12:56:00,75.62
2008-06-25 12:56:00,76.11
2008-07-15 13:11:00,66.0
2008-07-15 13:11:00,66.27
2008-08-05 13:21:00,69.17
2008-08-05 13:21:00,70.19
2008-08-11 13:10:00,70.31
2008-08-11 13:10:00,70.21
2008-09-11 12:57:00,68.9
2008-09-11 12:57:00,69.03
2008-09-29 14:20:00,80.39
2008-09-29 14:20:00,80.56
2008-10-20 14:20:00,95.95
2008-10-20 14:20:00,95.65
2008-10-29 13:17:00,110.49
2008-10-29 13:17:00,110.1
2008-11-20 17:52:00,104.1
2008-11-20 17:52:00,103.83
2009-01-05 18:05:00,121.41
2009-01-05 18:05:00,121.77
2009-01-12 16:32:00,110.59
2009-01-12 16:32:00,110.68
2009-01-19 17:54:00,119.96
2009-01-19 17:54:00,119.97
2009-01-26 17:52:00,125.83
2009-01-26 17:52:00,126.73
2009-02-05 15:30:00,146.97
2009-02-05 15:30:00,147.03
2009-02-09 17:11:00,141.85
2009-02-09 17:11:00,142.56
2009-02-23 17:06:00,161.63
2009-02-23 17:06:00,161.9
2009-03-09 17:35:00,121.41
2009-03-23 14:06:00,142.87
2009-03-23 14:06:00,143.18
2009-03-30 15:45:00,124.07
2009-03-30 15:45:00,123.72
2009-04-27 16:44:00,140.03
2009-04-27 16:44:00,139.88
2009-06-15 11:34:00,84.99
2009-06-15 11:34:00,85.06
2009-06-29 15:29:00,127.05
2009-06-29 15:29:00,127.13
2009-07-06 15:44:00,65.33
2009-07-06 15:44:00,65.49
2009-08-17 17:58:00,92.79
2009-08-17 17:58:00,90.22
2009-09-28 18:18:00,78.18
2009-09-28 18:18:00,77.33
2009-10-02 13:00:00,108.16
2009-10-02 13:00:00,108.72
2009-10-19 17:22:00,73.26
2009-10-19 17:22:00,73.05
2009-10-26 13:27:00,93.71
2009-10-26 13:27:00,95.7
2009-10-26 13:48:00,94.76
2009-10-26 13:48:00,93.69
2009-11-03 19:24:00,97.36
2009-11-03 19:24:00,95.48
2010-01-04 17:29:00,127.88
2010-01-04 17:29:00,126.31
2010-01-18 16:59:00,113.19
2010-01-18 16:59:00,113.74
2010-02-08 18:07:00,142.7
2010-02-08 18:07:00,142.0
2010-02-15 17:50:00,139.43
2010-02-15 17:50:00,139.59
2010-02-22 18:25:00,151.47
2010-02-22 18:25:00,151.6
2010-03-02 18:00:00,148.4
2010-03-02 18:00:00,148.2
2010-03-08 19:30:00,140.58
2010-03-08 19:30:00,142.54
2010-03-16 16:44:00,156.95
2010-03-16 16:44:00,156.51
2010-03-22 16:07:00,146.3
2010-03-22 16:07:00,146.6
2010-03-29 17:01:00,151.37
2010-03-29 17:01:00,151.56
2010-04-05 16:59:00,131.93
2010-04-05 16:59:00,132.64
2010-04-12 17:27:00,151.49
2010-04-12 17:27:00,150.4
2010-04-19 15:56:00,164.23
2010-04-19 15:56:00,163.38
2010-04-26 17:41:00,144.02
2010-04-26 17:41:00,144.15
2010-05-03 16:13:00,127.77
2010-05-03 16:13:00,128.12
2010-05-10 18:20:00,131.32
2010-05-10 18:20:00,130.81
2010-05-17 17:55:00,121.67
2010-05-17 17:55:00,119.28
2010-05-25 15:32:00,94.18
2010-05-25 15:32:00,94.05
2010-05-31 16:00:00,113.66
2010-05-31 16:00:00,113.19
2010-06-14 15:41:00,123.91
2010-06-14 15:41:00,124.17
2010-06-22 15:30:00,77.63
2010-06-22 15:30:00,77.6
2010-06-28 17:04:00,78.1
2010-06-28 17:04:00,76.97
2010-07-05 16:05:00,117.32
2010-07-05 16:05:00,117.34
2010-07-19 15:38:00,77.49
2010-07-19 15:38:00,77.09
2010-07-26 15:57:00,69.23
2010-07-26 15:57:00,68.63
2010-08-02 16:15:00,70.9
2010-08-02 16:15:00,70.51
2010-08-09 15:18:00,81.14
2010-08-09 15:18:00,83.83
2010-08-16 15:55:00,137.65
2010-08-16 15:55:00,138.95
2010-08-24 15:38:00,73.67
2010-08-24 15:38:00,72.82
2010-08-30 16:23:00,140.53
2010-08-30 16:23:00,139.88
2010-09-07 15:34:00,86.28
2010-09-07 15:34:00,86.34
2010-09-13 15:39:00,113.4
2010-09-13 15:39:00,113.52
2010-09-27 17:04:00,104.31
2010-09-27 17:04:00,103.77
2010-10-11 17:08:00,108.56
2010-10-11 17:08:00,108.17
2010-10-18 17:24:00,120.91
2010-10-18 17:24:00,120.41
2010-10-25 15:59:00,128.04
2010-10-25 16:51:00,131.5
2010-10-25 16:51:00,131.3
2010-11-02 14:24:00,129.88
2010-11-02 14:24:00,129.77
2010-11-02 14:41:00,126.19
2010-11-02 14:41:00,127.48
2010-11-08 17:03:00,126.11
2010-11-08 17:03:00,126.49
2010-11-15 16:57:00,112.74
2010-11-15 16:57:00,112.91
2010-11-22 17:14:00,141.88
2010-11-22 17:14:00,141.06
2010-11-29 17:23:00,126.2
2010-11-29 17:23:00,126.78
2010-12-06 17:35:00,123.55
2010-12-06 17:35:00,122.75
2010-12-13 17:30:00,88.93
2010-12-13 17:30:00,89.04
2011-01-05 17:13:00,123.39
2011-01-05 17:13:00,124.05
2011-01-10 15:31:00,141.05
2011-01-10 15:31:00,141.13
2011-01-17 15:20:00,133.22
2011-01-17 15:20:00,132.73
2011-01-24 16:56:00,146.67
2011-01-24 16:56:00,146.37
2011-01-31 17:57:00,131.3
2011-01-31 17:57:00,132.29
2011-02-07 16:20:00,100.46
2011-02-07 16:20:00,100.54
2011-02-14 16:44:00,138.12
2011-02-14 17:03:00,138.99
2011-02-14 17:03:00,138.12
2011-02-21 17:08:00,140.21
2011-02-21 17:08:00,140.88
2011-02-28 16:44:00,128.62
2011-02-28 16:44:00,127.14
2011-03-07 16:34:00,134.48
2011-03-07 16:34:00,133.56
2011-03-17 14:36:00,149.5
2011-03-17 14:36:00,148.15
2011-03-21 15:27:00,150.89
2011-03-21 15:27:00,150.35
2011-03-28 16:51:00,153.39
2011-03-28 16:51:00,153.96
2011-03-28 17:28:00,153.34
2011-03-28 17:28:00,153.71
2011-04-04 16:06:00,144.17
2011-04-04 16:06:00,144.21
2011-04-18 15:35:00,138.41
2011-04-18 15:35:00,136.56
2011-04-25 15:49:00,127.68
2011-04-25 15:49:00,126.22
2011-04-25 16:06:00,123.69
2011-04-25 16:06:00,125.14
2011-05-02 15:30:00,142.13
2011-05-02 15:30:00,143.08
2011-06-06 15:58:00,113.15
2011-06-06 15:58:00,114.04
2011-06-14 16:18:00,105.79
2011-06-14 16:18:00,105.74
2011-06-21 15:40:00,82.66
2011-06-21 15:40:00,83.52
2011-06-27 17:15:00,87.4
2011-06-27 17:15:00,88.75
2011-07-04 15:06:00,92.09
2011-07-04 15:06:00,91.74
2011-07-11 15:11:00,73.13
2011-07-11 15:11:00,74.53
2011-08-01 15:55:00,110.11
2011-08-01 15:55:00,111.29
2011-08-09 17:34:00,115.31
2011-08-09 17:34:00,116.4
2011-08-15 14:55:00,72.57
2011-08-15 14:55:00,73.27
2011-09-12 16:56:00,75.98
2011-09-12 16:56:00,77.36
2011-09-19 16:46:00,70.65
2011-09-19 16:46:00,69.35
2011-09-26 17:42:00,73.49
2011-09-26 17:42:00,73.8
2011-10-03 17:48:00,77.92
2011-10-03 17:48:00,79.01
2011-10-17 18:55:00,115.61
2011-10-17 18:55:00,115.72
2011-10-24 17:35:00,77.28
2011-10-24 17:35:00,77.57
2011-10-31 17:44:00,129.28
2011-10-31 17:44:00,126.38
2011-11-07 18:17:00,116.41
2011-11-07 18:17:00,118.04
2011-11-14 18:46:00,135.61
2011-11-14 18:46:00,135.45
2011-11-21 00:14:00,114.57
2011-11-21 00:14:00,116.63
2012-03-05 15:40:00,138.93
2012-03-05 15:40:00,138.84
2012-03-12 17:05:00,146.95
2012-03-12 17:05:00,149.56
2012-03-19 16:53:00,145.21
2012-03-19 16:53:00,145.28
2012-03-26 16:14:00,113.76
2012-03-26 16:14:00,113.5
2012-04-02 16:47:00,140.29
2012-04-02 16:47:00,140.97
2012-04-09 17:03:00,141.81
2012-04-09 17:03:00,141.8
2012-04-23 15:53:00,112.01
2012-04-23 15:53:00,110.68
2012-04-30 15:32:00,145.21
2012-04-30 15:32:00,146.53
2012-05-07 16:08:00,139.83
2012-05-07 16:08:00,139.96
2012-05-14 17:43:00,130.73
2012-05-14 17:43:00,132.31
2012-05-21 15:16:00,113.22
2012-05-21 15:16:00,110.52
2012-05-28 17:21:00,91.89
2012-05-28 17:21:00,91.38
2012-06-04 17:16:00,125.13
2012-06-04 17:16:00,126.07
2012-06-11 16:21:00,138.07
2012-06-11 16:21:00,138.93
2012-06-19 16:25:00,92.21
2012-06-19 16:25:00,93.65
2012-06-25 17:51:00,83.31
2012-06-25 17:51:00,82.55
2012-07-09 17:06:00,76.54
2012-07-09 17:06:00,77.1
2012-07-16 16:14:00,72.86
2012-07-16 16:14:00,73.7
2012-07-23 15:36:00,83.21
2012-07-23 15:36:00,84.15
2012-08-06 17:02:00,72.9
2012-08-06 17:02:00,73.21
2012-08-13 17:28:00,76.91
2012-08-13 17:28:00,75.75
2012-08-20 16:54:00,86.27
2012-08-20 16:54:00,87.64
2012-08-27 17:27:00,79.34
2012-08-27 17:27:00,80.13
2012-09-10 17:34:00,89.76
2012-09-10 17:34:00,89.83
2012-09-17 18:49:00,107.46
2012-09-17 18:49:00,108.1
2012-09-25 17:12:00,83.48
2012-09-25 17:12:00,85.71
2012-10-01 18:06:00,85.09
2012-10-01 18:06:00,85.79
2012-10-09 15:49:00,101.04
2012-10-09 15:49:00,100.54
2012-10-15 14:38:00,91.14
2012-10-15 14:38:00,89.83
2012-10-22 15:27:00,123.95
2012-10-22 15:27:00,123.87
2012-10-30 17:34:00,117.41
2012-10-30 17:34:00,116.92
2012-11-05 18:42:00,117.74
2012-11-05 18:42:00,117.91
2012-11-13 17:07:00,124.57
2012-11-13 17:07:00,125.83
2012-11-19 18:10:00,88.05
2012-11-19 18:10:00,90.87
2012-11-26 16:10:00,119.94
2012-11-26 16:10:00,117.72
2012-12-03 18:10:00,119.78
2012-12-03 18:10:00,121.63
2012-12-10 17:05:00,112.04
2012-12-10 17:05:00,111.52
2013-01-07 18:11:00,103.72
2013-01-07 18:11:00,103.47
2013-01-14 18:23:00,125.34
2013-01-14 18:23:00,125.29
2013-01-22 17:44:00,120.77
2013-01-22 17:44:00,120.94
2013-02-04 18:20:00,141.13
2013-02-04 18:20:00,142.12
2013-02-11 18:14:00,136.07
2013-02-11 18:14:00,136.43
2013-02-18 16:42:00,146.72
2013-02-18 16:42:00,146.32
2013-02-25 17:33:00,155.26
2013-02-25 17:33:00,156.77
2013-03-04 18:33:00,152.29
2013-03-04 18:33:00,150.53
2013-03-11 16:00:00,140.61
2013-03-11 16:00:00,140.37
2013-03-18 16:14:00,143.29
2013-03-18 16:14:00,143.2
2013-03-25 15:13:00,122.44
2013-03-25 15:13:00,122.3
2013-04-01 15:56:00,143.95
2013-04-01 15:56:00,145.09
2013-04-08 15:45:00,138.51
2013-04-08 15:45:00,138.66
2013-04-15 16:09:00,140.45
2013-04-15 16:09:00,141.43
2013-04-22 17:40:00,127.88
2013-04-22 17:40:00,127.45
2013-04-29 18:01:00,131.07
2013-04-29 18:01:00,132.82
2013-05-06 17:17:00,111.26
2013-05-06 17:17:00,112.37
2013-05-13 15:18:00,119.57
2013-05-13 15:18:00,117.34
2013-05-27 16:38:00,119.8
2013-05-27 16:38:00,121.22
2013-06-03 16:37:00,90.31
2013-06-03 16:37:00,90.04
2013-06-18 17:42:00,89.6
2013-06-18 17:42:00,89.08
2013-06-25 17:40:00,77.21
2013-06-25 17:40:00,78.82
2013-07-01 17:22:00,82.18
2013-07-01 17:22:00,84.36
2013-07-08 17:39:00,69.05
2013-07-08 17:39:00,70.79
2013-07-15 17:33:00,73.46
2013-07-15 17:33:00,75.83
2013-07-22 16:18:00,71.31
2013-07-22 16:18:00,73.34
2013-07-29 18:33:00,72.73
2013-07-29 18:33:00,75.65
2013-08-07 17:58:00,68.41
2013-08-07 17:58:00,70.17
2013-08-14 17:54:00,68.78
2013-08-14 17:54:00,69.07
2013-08-19 16:08:00,72.07
2013-08-19 16:08:00,73.06
2013-08-27 16:00:00,113.98
2013-08-27 16:00:00,114.39
2013-09-03 16:14:00,99.99
2013-09-03 16:14:00,100.5
2013-09-09 17:27:00,88.7
2013-09-09 17:27:00,88.77
2013-09-23 15:41:00,92.01
2013-09-23 15:41:00,91.54
2013-10-01 18:02:00,88.72
2013-10-01 18:02:00,88.9
2013-10-07 15:43:00,118.11
2013-10-07 15:43:00,118.67
2013-10-16 16:25:00,94.05
2013-10-21 15:39:00,68.17
2013-10-21 15:39:00,68.05
2013-10-28 16:06:00,116.77
2013-10-28 16:06:00,116.37
2013-11-06 18:40:00,104.1
2013-11-06 18:40:00,103.6
2013-11-12 17:08:00,115.83
2013-11-18 17:20:00,111.44
2013-11-18 17:20:00,111.14
2013-11-26 18:35:00,114.17
2013-11-26 18:35:00,115.05
2013-12-02 16:24:00,112.79
2013-12-02 16:24:00,114.46
2013-12-10 17:42:00,100.26
2013-12-10 17:42:00,99.86
2013-12-17 19:18:00,134.5
2013-12-17 19:18:00,134.63
2014-01-06 19:01:00,93.47
2014-01-06 19:01:00,91.34
2014-01-14 17:12:00,131.09
2014-01-14 17:12:00,128.9
2014-01-20 18:45:00,123.23
2014-01-20 18:45:00,123.83
2014-01-27 19:03:00,83.97
2014-01-27 19:03:00,84.05
2014-02-03 18:28:00,79.43
2014-02-03 18:28:00,80.0
2014-02-10 17:29:00,131.34
2014-02-10 17:29:00,132.3
2014-02-17 12:34:56,129.23
2014-02-17 12:34:56,130.03
2014-02-25 19:20:00,140.36
2014-02-25 19:20:00,141.68
2014-03-03 18:19:00,130.86
2014-03-03 18:19:00,130.18
2014-03-19 14:18:00,133.87
2014-03-19 14:18:00,134.78
2014-03-25 14:34:00,145.78
2014-03-25 14:34:00,145.14
2014-03-30 19:34:00,117.38
2014-03-30 19:34:00,118.85
2014-04-22 16:13:00,113.7
2014-04-22 16:13:00,114.36
2014-04-28 17:08:00,140.83
2014-04-28 17:08:00,140.99
2014-05-05 18:05:00,146.42
2014-05-05 18:05:00,147.12
2014-05-17 20:06:00,119.89
2014-05-17 20:06:00,119.66
2014-05-19 15:26:00,143.24
2014-05-19 15:26:00,145.09
2014-05-27 17:34:00,110.64
2014-05-27 17:34:00,111.89
2014-06-02 17:37:00,104.68
2014-06-02 17:37:00,104.26
2014-06-10 16:39:00,106.91
2014-06-10 16:39:00,108.04
2014-06-17 18:34:00,115.29
2014-06-17 18:34:00,115.8
2014-06-25 20:03:00,75.24
2014-06-25 20:03:00,75.75
2014-07-14 16:27:00,93.77
2014-07-14 16:27:00,95.18
2014-07-21 15:17:00,70.42
2014-07-21 15:17:00,70.56
2014-07-28 18:29:00,75.51
2014-07-28 18:29:00,74.9
2014-08-18 15:17:00,102.7
2014-08-18 15:17:00,102.99
2014-08-25 16:48:00,88.08
2014-08-25 16:48:00,88.42
2014-09-08 15:54:00,107.96
2014-09-08 15:54:00,106.94
2014-09-22 16:41:00,83.27
2014-09-22 16:41:00,81.81
2014-09-30 16:20:00,74.95
2014-09-30 16:20:00,75.27
2014-10-28 12:10:00,138.48
2014-10-28 12:10:00,138.14
2014-11-03 14:54:00,120.54
2014-11-03 14:54:00,120.54
2014-11-10 16:25:00,81.13
2014-11-10 16:25:00,82.13
2014-11-20 15:55:00,117.6
2014-11-20 15:55:00,120.54
2014-11-25 16:15:00,118.54
2014-11-25 16:15:00,121.35
2014-12-01 16:02:00,127.04
2014-12-01 16:02:00,127.93
2014-12-15 17:10:00,130.21
2014-12-15 17:10:00,131.87
2015-01-12 15:17:00,136.51
2015-01-12 15:17:00,138.94
2015-01-19 15:44:00,119.76
2015-01-19 15:44:00,119.73
2015-01-26 13:50:00,148.3
2015-01-26 13:50:00,148.54
2015-02-02 15:58:00,130.43
2015-02-02 15:58:00,131.09
2015-02-09 16:09:00,127.9
2015-02-09 16:09:00,129.34
2015-02-16 16:24:00,147.38
2015-02-16 16:24:00,147.4
2015-02-23 15:24:00,124.27
2015-02-23 15:24:00,123.35
2015-03-02 15:45:00,132.22
2015-03-02 15:45:00,132.32
2015-03-09 20:40:00,134.67
2015-03-09 20:40:00,133.77
2015-03-16 14:15:00,151.66
2015-03-16 14:15:00,150.2
2015-03-23 14:45:00,128.4
2015-03-23 14:45:00,127.73
2015-03-30 14:27:00,143.38
2015-03-30 14:27:00,143.02
2015-04-20 14:29:00,151.19
2015-04-20 14:29:00,151.78
2015-04-27 13:28:00,138.94
2015-04-27 13:28:00,138.19
2015-05-04 13:48:00,123.87
2015-05-04 13:48:00,124.82
2015-05-11 13:58:00,128.94
2015-05-11 13:58:00,129.78
2015-05-18 14:14:00,122.14
2015-05-18 14:14:00,123.29
2015-05-26 13:30:00,129.12
2015-05-26 13:30:00,128.14
2015-06-01 14:20:00,100.05
2015-06-01 14:20:00,100.29
2015-06-08 13:40:00,97.17
2015-06-08 13:40:00,97.63
2015-06-22 13:44:00,112.12
2015-06-22 13:44:00,112.33
2015-07-01 15:51:00,83.06
2015-07-01 15:51:00,85.98
2015-07-06 13:22:00,75.78
2015-07-06 13:22:00,78.74
2015-07-13 13:33:00,68.91
2015-07-13 13:33:00,69.3
2015-07-27 15:39:00,73.75
2015-07-27 15:39:00,75.02
2015-08-03 15:20:00,74.85
2015-08-03 15:20:00,73.97
2015-08-17 15:25:00,82.31
2015-08-17 15:25:00,82.5
2015-08-24 14:14:00,84.75
2015-08-24 14:14:00,85.96
2015-08-31 15:42:00,80.51
2015-08-31 15:42:00,80.42
2015-09-14 15:31:00,71.04
2015-09-14 15:31:00,71.54
2015-09-21 14:29:00,76.36
2015-09-21 14:29:00,73.4
2015-10-01 14:37:00,112.14
2015-10-12 14:50:00,79.12
2015-10-12 14:50:00,77.63
2015-10-19 14:42:00,112.08
2015-10-19 14:42:00,111.71
2015-10-26 13:15:00,118.38
2015-10-26 13:15:00,118.54
2015-11-02 14:40:00,123.39
2015-11-02 14:40:00,125.35
2015-11-09 16:16:00,117.01
2015-11-09 16:16:00,116.58
2015-11-16 14:27:00,116.75
2015-11-16 14:27:00,117.67
2015-11-23 13:33:00,110.46
2015-11-23 13:33:00,112.08
2015-11-30 15:08:00,126.19
2015-11-30 15:08:00,126.71
2015-12-14 16:52:00,133.35
2015-12-14 16:52:00,134.21
2016-01-11 14:58:00,118.66
2016-01-11 14:58:00,118.4
2016-02-04 17:10:00,137.3
2016-02-04 17:10:00,138.51
2016-02-15 17:20:00,167.12
2016-02-15 17:20:00,166.38
2016-02-29 13:51:00,140.96
2016-02-29 13:51:00,143.57
2016-03-08 13:24:00,154.76
2016-03-08 13:24:00,156.02
2016-03-14 13:30:00,123.49
2016-03-14 13:30:00,124.64
2016-03-22 13:13:00,153.45
2016-03-22 13:13:00,153.12
2016-03-28 14:35:00,111.07
2016-03-28 14:35:00,111.05
2016-04-04 14:43:00,143.27
2016-04-04 14:43:00,140.32
2016-04-13 14:00:00,121.13
2016-04-13 14:00:00,124.01
2016-04-18 15:30:00,126.81
2016-04-18 15:30:00,126.87
2016-04-26 14:04:00,140.62
2016-04-26 14:04:00,141.24
2016-05-09 15:20:00,137.63
2016-05-09 15:20:00,139.55
2016-05-16 15:10:00,128.71
2016-05-16 15:10:00,132.43
2016-05-25 16:58:00,102.93
2016-05-25 16:58:00,104.61
2016-06-06 14:24:00,86.01
2016-06-06 14:24:00,88.07
2016-07-04 15:02:00,79.33
2016-07-04 15:02:00,79.4
2016-07-11 14:34:00,69.89
2016-07-11 14:34:00,70.16
2016-07-18 15:16:00,70.95
2016-07-18 15:16:00,72.17
2016-07-25 14:18:00,76.66
2016-07-25 14:18:00,78.74
2016-08-01 14:58:00,74.63
2016-08-01 14:58:00,74.87
2016-08-09 15:56:00,74.96
2016-08-09 15:56:00,77.36
2016-08-22 15:15:00,84.68
2016-08-22 15:15:00,86.71
2016-09-06 15:49:00,89.82
2016-09-06 15:49:00,87.18
2016-09-13 14:32:00,85.97
2016-09-13 14:32:00,84.78
2016-09-19 13:57:00,87.71
2016-09-19 13:57:00,91.45
2016-09-26 18:51:00,101.97
2016-09-26 18:51:00,101.8
2016-10-03 15:09:00,91.57
2016-10-03 15:09:00,92.06
2016-10-10 14:29:00,74.4
2016-10-10 14:29:00,74.16
2016-10-17 14:34:00,116.82
2016-10-17 14:34:00,120.75
2016-10-24 14:29:00,112.97
2016-10-24 14:29:00,114.56
2016-10-31 14:54:00,116.87
2016-10-31 14:54:00,117.65
2016-11-07 16:59:00,120.81
2016-11-07 16:59:00,120.1
2016-11-14 16:57:00,129.35
2016-11-14 16:57:00,131.34
2016-11-28 13:51:00,129.78
2016-11-28 13:51:00,130.35
2016-12-05 16:36:00,116.17
2016-12-05 16:36:00,117.1
2016-12-19 15:51:00,111.39
2016-12-19 15:51:00,111.61
2017-01-12 17:41:00,127.89
2017-01-12 17:41:00,129.21
2017-01-23 16:06:00,115.5
2017-01-23 16:06:00,116.05
2017-01-31 14:09:00,132.97
2017-01-31 14:09:00,132.61
2017-02-07 15:15:00,133.46
2017-02-07 15:15:00,135.73
2017-02-13 16:31:00,114.4
2017-02-13 16:31:00,114.59
2017-02-20 15:09:00,128.83
2017-02-20 15:09:00,129.32
2017-02-27 14:25:00,135.29
2017-02-27 14:25:00,137.13
2017-03-06 16:00:00,139.17
2017-03-06 16:00:00,139.04
2017-03-13 16:08:00,143.47
2017-03-13 16:08:00,145.37
2017-03-27 13:59:00,139.35
2017-03-27 13:59:00,142.46
2017-04-03 14:01:00,133.42
2017-04-03 14:01:00,135.87
2017-04-10 14:29:00,137.69
2017-04-10 14:29:00,138.76
2017-04-17 14:10:00,130.02
2017-04-17 14:10:00,131.74
2017-04-24 13:59:00,133.27
2017-04-24 13:59:00,131.59
2017-05-01 15:09:00,100.03
2017-05-01 15:09:00,100.78
2017-05-08 13:03:00,127.62
2017-05-08 13:03:00,128.13
2017-05-22 14:49:00,118.97
2017-05-22 14:49:00,118.92
2017-06-20 15:04:00,85.63
2017-06-20 15:04:00,83.93
2017-06-26 14:59:00,70.45
2017-06-26 14:59:00,70.73
2017-07-03 13:52:00,72.27
2017-07-03 13:52:00,73.74
2017-07-10 15:46:00,76.01
2017-07-10 15:46:00,77.64
2017-07-17 15:39:00,89.1
2017-07-17 15:39:00,91.46
2017-07-24 15:02:00,67.24
2017-07-24 15:02:00,70.24
2017-07-31 16:03:00,71.04
2017-07-31 16:03:00,71.53
2017-08-07 15:28:00,130.65
2017-08-07 15:28:00,132.42
2017-08-14 15:39:00,90.75
2017-08-14 15:39:00,93.86
2017-08-28 12:34:56,73.76
2017-08-28 12:34:56,75.07
2017-09-11 13:24:00,137.04
2017-09-11 13:24:00,137.44
2017-09-20 14:40:00,93.66
2017-09-20 14:40:00,95.23
2017-09-25 18:33:00,98.29
2017-09-25 18:33:00,97.71
2017-10-02 15:40:00,125.04
2017-10-02 15:40:00,125.52
2017-10-18 15:42:00,117.63
2017-10-18 15:42:00,117.61
2017-10-23 17:00:00,112.22
2017-10-23 17:00:00,113.36
2017-10-31 18:05:00,116.91
2017-10-31 18:05:00,116.39
2017-11-21 15:10:00,141.12
2017-11-21 15:10:00,141.29
2017-11-27 15:25:00,114.38
2017-12-05 14:22:00,138.4
2017-12-05 14:22:00,140.09
2017-12-12 15:37:00,117.29
2017-12-12 15:37:00,118.82
2017-12-18 16:12:00,123.74
2017-12-18 16:12:00,124.06
2018-01-08 16:16:00,128.36
2018-01-08 16:16:00,129.82
2018-01-15 14:14:00,148.65
2018-01-15 14:14:00,152.21
2018-01-22 16:05:00,114.14
2018-01-22 16:05:00,114.64
2018-01-29 17:55:00,116.38
2018-01-29 17:55:00,115.66
2018-02-06 14:25:00,146.3
2018-02-06 14:25:00,145.51
2018-02-12 16:59:00,115.52
2018-02-12 16:59:00,116.88
2018-02-19 15:10:00,132.74
2018-02-19 15:10:00,134.87
2018-02-26 17:38:00,89.8
2018-02-26 17:38:00,90.44
2018-03-05 16:00:00,129.2
2018-03-05 16:00:00,127.88
2018-03-19 14:43:00,128.4
2018-03-19 14:43:00,128.94
2018-03-27 14:16:00,134.84
2018-03-27 14:16:00,135.26
2018-04-02 14:10:00,123.59
2018-04-02 14:10:00,123.13
2018-04-09 12:59:00,145.81
2018-04-09 12:59:00,143.54
2018-04-23 15:58:00,133.82
2018-04-23 15:58:00,134.79
2018-04-30 14:26:00,103.1
2018-04-30 14:26:00,102.58
2018-05-07 15:45:00,102.27
2018-05-07 15:45:00,103.4
2018-05-14 14:44:00,98.26
2018-05-14 14:44:00,99.31
2018-06-04 14:56:00,76.58
2018-06-04 14:56:00,77.97
2018-06-11 13:40:00,78.9
2018-06-11 13:40:00,78.92
2018-06-19 17:39:00,99.83
2018-06-19 17:39:00,100.12
2018-06-25 15:56:00,72.12
2018-06-25 15:56:00,74.43
2018-07-02 17:12:00,77.08
2018-07-16 15:54:00,121.98
2018-07-23 15:06:00,84.13
2018-07-23 15:06:00,86.43
2018-07-30 15:33:00,73.93
2018-07-30 15:33:00,76.69
2018-08-06 15:46:00,79.52
2018-08-06 15:46:00,80.15
2018-08-13 14:25:00,70.04
2018-08-13 14:25:00,71.4
2018-08-20 14:43:00,68.18
2018-08-20 14:43:00,69.49
2018-08-27 14:50:00,80.62
2018-08-27 14:50:00,80.92
2018-09-04 14:42:00,142.46
2018-09-04 14:42:00,144.43
2018-09-17 16:00:00,113.42
2018-09-17 16:00:00,114.5
2018-09-24 13:56:00,109.61
2018-09-24 13:56:00,110.01
2018-10-01 14:40:00,113.1
2018-10-01 14:40:00,113.62
2018-10-15 14:50:00,108.38
2018-10-15 14:50:00,108.44
2018-11-05 14:37:00,111.98
2018-11-05 14:37:00,114.94
2018-11-13 13:30:00,109.97
2018-11-13 13:30:00,111.89
2018-11-19 13:30:00,141.4
2018-11-19 13:30:00,141.17
2018-11-26 15:22:00,110.96
2018-11-26 15:22:00,112.79
2018-12-16 15:31:00,103.38
2018-12-16 15:31:00,102.73
2018-12-27 17:17:00,120.73
2018-12-27 17:17:00,120.02
2018-12-31 16:33:00,129.78
2018-12-31 16:33:00,128.15
2019-01-07 15:37:00,125.32
2019-01-07 15:37:00,126.32
2019-01-15 13:38:00,118.0
2019-01-15 13:38:00,118.28
2019-01-30 13:33:00,114.37
2019-01-30 13:33:00,114.35
2019-02-05 16:40:00,102.92
2019-02-05 16:40:00,101.86
2019-02-11 13:11:00,139.99
2019-02-11 13:11:00,140.38
2019-02-18 14:49:00,149.29
2019-02-18 14:49:00,149.92
2019-03-04 15:10:00,94.06
2019-03-04 15:10:00,95.19
2019-03-11 13:23:00,149.78
2019-03-11 13:23:00,152.28
2019-03-19 12:48:00,129.94
2019-03-19 12:48:00,131.53
2019-03-25 13:41:00,137.55
2019-03-25 13:41:00,137.32
2019-04-01 13:26:00,123.61
2019-04-01 13:26:00,120.72
2019-04-08 13:09:00,135.53
2019-04-08 13:09:00,133.25
2019-04-22 13:38:00,130.45
2019-04-22 13:38:00,130.86
2019-04-29 13:27:00,137.95
2019-04-29 13:27:00,137.43
2019-05-06 14:40:00,95.12
2019-05-06 14:40:00,96.37
2019-05-13 16:00:00,105.63
2019-05-13 16:00:00,106.67
2019-05-21 15:26:00,101.35
2019-05-21 15:26:00,102.31
2019-05-27 12:03:00,98.48
2019-05-27 12:03:00,99.87
2019-06-03 12:49:00,81.27
2019-06-03 12:49:00,81.42
2019-06-10 13:54:00,92.23
2019-06-10 13:54:00,92.26
2019-06-18 13:30:00,81.6
2019-06-18 13:30:00,83.21
2019-06-24 12:42:00,110.2
2019-06-24 12:42:00,110.06
2019-07-07 12:13:00,74.21
2019-07-07 12:13:00,75.09
2019-07-24 17:25:00,75.98
2019-07-24 17:25:00,75.91
2019-08-12 13:20:00,75.4
2019-08-12 13:20:00,75.18
2019-08-26 17:37:00,76.8
2019-08-26 17:37:00,75.9
2019-09-03 14:44:00,86.66
2019-09-03 14:44:00,87.65
2019-09-09 17:53:00,122.42
2019-09-09 17:53:00,123.5
2019-09-16 14:21:00,125.3
2019-09-16 14:21:00,126.65
2019-10-14 13:47:00,100.27
2019-10-14 13:47:00,99.07
2019-10-21 19:05:00,98.68
2019-10-21 19:05:00,98.21
2019-11-04 19:35:00,102.65
2019-11-04 19:35:00,103.23
2019-11-11 15:00:00,113.1
2019-11-11 15:00:00,114.74
2019-11-24 18:43:00,99.83
2019-11-24 18:43:00,100.26
2019-12-05 16:32:00,110.29
2019-12-05 16:32:00,110.2
2019-12-09 17:27:00,119.51
2019-12-09 17:27:00,120.82
2019-12-16 13:02:00,113.17
2019-12-16 13:02:00,113.59
2019-12-23 13:56:00,146.67
2019-12-23 13:56:00,144.23
2019-12-30 14:00:00,115.73
2019-12-30 14:00:00,115.95
2020-01-06 13:52:00,119.47
2020-01-06 13:52:00,119.77
2020-01-21 13:32:00,140.94
2020-01-27 13:45:00,130.15
2020-01-27 13:45:00,130.39
2020-02-04 14:08:00,127.94
2020-02-04 14:08:00,129.53
2020-02-10 13:45:00,132.37
2020-02-10 13:45:00,131.72
2020-02-17 14:12:00,123.32
2020-02-17 14:12:00,123.48
2020-02-24 13:52:00,144.45
2020-02-24 13:52:00,145.07
2020-03-02 15:05:00,135.47
2020-03-02 15:05:00,136.17
2020-03-10 14:12:00,133.23
2020-03-10 14:12:00,131.98
2020-03-16 15:38:00,132.51
2020-03-23 13:45:00,144.76
2020-03-23 13:45:00,144.55
2020-04-22 16:27:00,132.05
2020-04-22 16:27:00,133.69
2020-04-29 14:25:00,131.61
2020-04-29 14:25:00,132.79
2020-05-13 15:10:00,125.83
2020-05-13 15:10:00,124.05
2020-05-20 13:55:00,97.58
2020-05-20 13:55:00,97.01
2020-05-27 14:30:00,113.82
2020-05-27 14:30:00,114.02
2020-06-15 15:45:00,94.93
2020-06-15 15:45:00,96.08
2020-06-21 20:45:00,79.09
2020-06-21 20:45:00,79.35
2020-06-29 15:12:00,76.91
2020-06-29 15:12:00,77.85
2020-07-06 14:45:00,115.35
2020-07-06 14:45:00,115.47
2020-07-13 14:42:00,84.15
2020-07-13 14:42:00,85.67
2020-07-20 14:25:00,94.22
2020-07-20 14:25:00,95.71
2020-07-27 15:00:00,89.94
2020-07-27 15:00:00,87.88
2020-08-03 14:50:00,92.12
2020-08-03 14:50:00,93.03
2020-08-10 13:10:00,85.43
2020-08-10 13:10:00,85.93
2020-08-17 12:45:00,88.27
2020-08-17 12:45:00,86.55
2020-09-01 14:30:00,79.73
2020-09-01 14:30:00,80.37
2020-09-08 13:26:00,105.26
2020-09-08 13:26:00,108.15
2020-09-12 14:05:00,92.63
2020-09-12 14:05:00,93.68
2020-09-29 16:10:00,122.59
2020-10-07 13:52:00,122.52
2020-10-07 13:52:00,123.4
2020-10-14 13:55:00,103.62
2020-10-14 13:55:00,105.49
2020-10-21 15:45:00,113.65
2020-10-21 15:45:00,114.5
2020-10-28 13:40:00,93.89
2020-10-28 13:40:00,93.69
2020-11-04 13:41:00,122.89
2020-11-04 13:41:00,122.09
2020-11-11 14:45:00,121.3
2020-11-11 14:45:00,122.01
2020-11-18 14:45:00,129.91
2020-11-18 14:45:00,129.52
2020-11-25 14:55:00,119.86
2020-11-25 14:55:00,120.15
2020-12-02 13:50:00,97.0
2020-12-02 13:50:00,96.92
2020-12-09 15:01:00,116.22
2020-12-09 15:01:00,116.97
2020-12-17 14:50:00,103.9
2020-12-17 14:50:00,104.36
2020-12-23 14:45:00,142.45
2020-12-23 14:45:00,141.1
2020-12-31 16:00:00,121.12
2020-12-31 16:00:00,121.16
2021-01-06 13:55:00,125.46
2021-01-06 13:55:00,125.56
2021-01-13 15:40:00,119.79
2021-01-13 15:40:00,120.87
2021-01-20 14:40:00,127.02
2021-01-20 14:40:00,127.09
2021-01-27 15:45:00,102.38
2021-01-27 15:45:00,102.4
2021-02-05 16:30:00,122.98
2021-02-05 16:30:00,123.76
2021-02-10 16:32:00,102.95
2021-02-10 16:32:00,102.91
2021-02-17 13:40:00,88.61
2021-02-17 13:40:00,88.69
2021-02-24 15:40:00,137.23
2021-02-24 15:40:00,137.7
2021-05-12 14:15:00,91.98
2021-05-12 14:15:00,92.5
2021-05-19 17:15:00,117.44
2021-05-19 17:15:00,118.42
2021-05-26 15:55:00,120.92
2021-05-26 15:55:00,120.27
2021-06-02 12:21:00,103.96
2021-06-02 12:21:00,104.49
2021-06-09 14:02:00,88.31
2021-06-09 14:02:00,86.84
2021-06-16 15:45:00,77.2
2021-06-16 15:45:00,77.3
2021-06-30 13:10:00,93.22
2021-06-30 13:10:00,94.36
2021-07-07 13:45:00,74.94
2021-07-07 13:45:00,75.08
2021-07-15 13:25:00,82.09
2021-07-15 13:25:00,82.87
2021-07-21 15:35:00,82.78
2021-07-21 15:35:00,85.76
2021-07-28 13:08:00,89.01
2021-07-28 13:08:00,89.08
2021-08-18 14:45:00,81.68
2021-08-18 14:45:00,83.35
2021-08-25 13:15:00,92.48
2021-08-25 13:15:00,93.78
2021-09-01 14:35:00,148.45
2021-09-01 14:35:00,147.43
2021-09-15 14:30:00,117.66
2021-09-15 14:30:00,118.87
2021-09-22 14:15:00,137.98
2021-09-22 14:15:00,139.91
2021-09-29 14:35:00,108.23
2021-09-29 14:35:00,108.32
2021-10-06 15:15:00,130.58
2021-10-06 15:15:00,131.28
2021-10-13 13:52:00,83.58
2021-10-13 13:52:00,84.06
2021-10-20 13:30:00,122.64
2021-10-20 13:30:00,123.33
2021-10-27 13:50:00,107.89
2021-10-27 13:50:00,108.1
2021-11-03 14:15:00,136.04
2021-11-03 14:15:00,133.23
2021-11-10 14:55:00,111.43
2021-11-10 14:55:00,113.35
2021-12-01 15:40:00,129.85
2021-12-01 15:40:00,130.51
2021-12-08 14:10:00,106.04
2021-12-08 14:10:00,106.32
2021-12-15 13:10:00,125.52
2021-12-15 13:10:00,125.59
2021-12-22 16:00:00,99.77
2021-12-22 16:00:00,100.22
